,cafe_text,cafe_title
0,"청주에 있는 분위기 좋은 카페 어스
딸이 가고싶다해서 아이 친구와 커피 결제만 해주고 나와서 커피는 못 찍었지만 분위기도 좋고 주차장도 넓어요
저도 친구들이랑 다시 와보려고요
50m
© NAVER Corp.
어스
충청북도 청주시 상당구 남일면 신송효촌길 117
예약",청주어스 카페
1,"고객과의 감정적 연결을 중요시 생각하며, 더 나은 서비스를 제공을 위해 노력합니다.
스시서울, 꼼꼼한 리뷰 체크 후 예약하세요
4월 첫째주 예약 고객님의 리뷰
타 매장 오마카세를 다니시는 고객님께서 남겨주신 리뷰
예약
100% 예약제 운영
어플, 앱 : 캐치테이블 or 전화
당일 매장문의
타 오마카세 매장 리뷰내용
오마카세 : '맡긴다'는 뜻의 일본어로, 메뉴판이 따로 없이 그날의 음식을 주방장이 알아서 만들어 내놓는 일본식 코스 요리를 가리킨다.
출처 : 네이버 시사상식
찜전복, 자연산 대하 아게니
단일 메뉴
런치 : 60.
디너 : 100.
미소 사시미 모리
영업시간
런치 1부 : 12:00 - 13:00
2부 : 13:30 - 15:00
여유롭게 담소를 나누실 분은 2부를 추천
디너 1부 : 18:30 - 20:00
2부 : 20:30 ~ 자정까지
여유롭게 주류를 즐기실 분은 2부를 추천 드리고 있으며, 콜키지 적극권장
스시들
주차
매장건물 주차장 2대, 입구 3대 수용가능
갑오징어 제스트 청귤
후토마끼, 교쿠
후식 아이스크림
스시서울
충청북도 청주시 서원구 예체로1번길 20 1층 스시서울
주소 : 충북 청주시 서원구 예체로1번길 20 1층 스시서울
충북 청주시 서원구 개신동 438-113
청주 오마카세 데이트 맛집 추천 스시서울",차원이 다른 스시 맛 경험 기념일 식사 어디서 하지?
2,"라바짜 이탈리아 원두를 쓰신다고해요
아이스커피 넘 맛있더라고요
돌아가는 길에도 한참동안 입안에 기분좋은 커피맛이 남아 있다라는
비오는 오늘 따뜻한 아메리카노 땡기네요
50m
© NAVER Corp.
36.5공감
충청북도 청주시 흥덕구 강내면 태성탑연로 390",라바짜커피 맛집 36.5 공감
3,"드라이브겸 산하춘 이라는 한정식집 왔어요
너무 멋지네요 ㅎㅎ
상견례하기 좋겠어요
50m
© NAVER Corp.
산하춘
충청북도 청주시 흥덕구 강내면 월탄1길 15-11",청주 산하춘
4,"고객과의 감정적 교감을 중요시 여기며, 더 나은 서비스를 제공을 위해 노력합니다.
이벤트
청주 맛집 오마카세의 이벤트는 기념일, 생일 메모시 무알콜와인 식전주와 케이크 이벤트
상시 이벤트중
예약시 메모
청주 맛집 오마카세 스시서울
'맡긴다'는 뜻의 일본어로, 메뉴판이 따로 없이 그날의 음식을 주방장이 알아서 만들어 내놓는 일본식 코스 요리를 가리킨다.
네이버 시사상식
단일 메뉴
런치 : 60.
디너 : 100.
영업시간
런치 1부 : 12:00 - 13:00
2부 : 13:30 - 15:00
여유롭게 담소를 나누실 분은 2부를 추천
디너 1부 : 18:30 - 20:00
2부 : 20:30 ~ 자정까지
여유롭게 주류를 즐기실 분은 2부를 추천 드리고 있으며, 콜키지 적극권장
예약
100% 예약제 운영
어플, 앱 : 캐치테이블 or 전화
당일 매장문의
플랫폼의 한계를 느끼며 시일내 네이버 예약도 준비하고 있으며 많은 분들에게 청주 맛집 오마카세 스시서울을 알릴 수 있을 것이라 생각하며, 4개월동안 많은 관심과 사랑으로 찾아주셔서 바쁜 시간을 보내고 응원에 대해 범사에 감사하며 생활 앞으로 더 많은 관심 부탁드립니다.
주차
매장건물 주차장 2대, 입구 3대 수용가능
오픈 이후로 바쁘다는 핑계로 정리를 못한 주차장 봄맞이 대청소를 하면서 시원하게 정리 완변하진 않지만 시간을 두고 여유를 가지며 정리하려고 합니다.
바 형식의 다찌 테이블 일렬 세팅 츠케모노, 소금, 간장
손을 씻을수 있는 공간인 세면대와 콩자갈을 사용해 바닥을 꾸민 것이 아주 심플하면서 모던 스타일 화장실은 원룸 건물입구 스시서울 단독사용 업장을 꾸미면서 공사 그래서 컨디션 최상
공간이 협소해서 남.여 공동이지만 최대한 깔끔하고 심플하게
츠마미를 다 드신후 제주도산 청귤로 제스트를 뿌린 갑오징어으로 시작 후래쉬함에 입안을 한번 세척하며 신경을 살짝 건든다는 느낌이 들게끔 만들어주는 좋은효과 탁월
매일매일 바뀌는 사시미모리 당일 좋은생선을 사용하며, 청주 맛집 오마카세 스시서울은 짧게는 일주일과 길게는 한달을 저온숙성을 통해 육질과 식감에 단점을 최대한 보완 동해, 제주도 그리고 서해까지 우리나라 바다의 물때에 맞춰 날씨 상황에 따라 바뀝니다.
전체적인 코스를 안드시는 분에겐 위의 사진처럼 우니 폭탄도 드리며 좋아하시는 요리를 포커스 라이브로 드리는 것이 청주 맛집 오마카세의 매력이라고 할 수 있죠? 혼술을 드시는 분에게 서브한 사진이니 오해 없으시길 셰프와의 교감이 긍정적으로 이루어질때 만들어진 요리 아닐까요? 모든 분들에게 준비되는 요리가 아니니 참고 부탁합니다.
자연산대하, 교쿠 카스테라버전, 후토마끼, 고등어 봉초밥, 가리비관자, 우니 등등 청주 맛집 오마카세는 점심, 저녁에 당일 밸런스에 맞춰 츠마미류 매일 바뀌는 구성
고객의 만족도가 가장 큰 마끼에 말아서 드리는 자연산대하와 후토마끼 그리고 교쿠는 이젠 베스트로 점심, 저녁준비드리고 있습니다.
스시서울
충청북도 청주시 서원구 예체로1번길 20 1층 스시서울
충청북도 청주시 서원구 개신동 438-113 1층 스시서울",청주 스시오마카세 맛집 스시서울
5,"기념일, 생일 프리미엄 식전 무알콜 와인 프리미엄 미니케이크 이벤트
벚꽃 데이트명소 맛집 청주 오마카세 스시서울 소개합니다.
스시서울
충청북도 청주시 서원구 예체로1번길 20 1층 스시서울",청주 벚꽃 데이트명소맛집 오마카세 스시서울
6,"고기의 진심을 담다.
청주 개신동 위치 삼겹살 맛집 고담길
저온숙성
삼겹살도 이젠 저온숙성인가봐유~~
고담길
충청북도 청주시 서원구 예체로1번길 25 . 2층",청주 맛집 개신동 삼겹살
7,"청주 풍경장어 추천합니다.
가격도 저렴하고 숯불향이 쫙 스며들어서
최고! 강추합니다",청주 풍경장어
8,"청주 웍스터 추천해요~!
저는 오렌지치킨과 차오미엔(미국식 중화 누들)을 먹었습니다.
오랜만에 색다른 음식을 먹으니까 좋더라구요, 혹시 청주 방문 예정인 분들 추천합니다.",청주 오렌지치킨 맛집
9,"""추어명가""
추어탕은 몸보신에 좋다고하는데
저는 추어탕 먹지는못하지만
엄마가 극찬한집이라 같이다녀와밨어요
점심시간 전인데도 사람이북적북적
겉절이와 깍두기가 맛잇더라구요
계란은 1인1개씩 셀프로 구워먹는거예요
추어탕 못먹는 저는 수제돈가스
고구마치즈돈까스와 일반돈가스 시켰어요
옛날돈가스 느낌👍🏻
밥은 돌솥밥으로나오고
서비스로 두부가나오는데 손두부라고하더라구여
추어탕은 얼큰추어탕인데
칼칼하고 국물이진하다고해요
들깨가루가 들어가서 그런지 걸쭉해요
진국👍🏻👍🏻
청주점과 세종시에도 같이하신다고하네요~
어르신들 모시고 다녀오면 좋을거같아요
50m
© NAVER Corp.
추어명가 청주점
충청북도 청주시 흥덕구 신성로 6-40 1층",청주 추어명가
10,"청주가면 꼭들리는 육거리시장
성안길 시내와 연결되어있어서 접근성이 참 좋은듯해요
주말이라 그런지 사람들이 많더라구여
우연히 들어간 호선죽집
부침개 가격실화인지?ㅎㅎ
맛도 당연 너무맛있었어요
정신없이 먹다가찍엇네요
김치전 녹두전 감자전 먹엇는데
녹두전은 순삭해서 사진없구
녹두랑 김치전 강추👍🏻
죽집인데 팥죽이 유명한듯해요
팥 고소한냄새가 진동을했거든요🤭
호떡도 별미예요
철판같은곳에 꾹 눌러서 구워주시는데
쫀득하고 맛나더라구여🤤
50m
© NAVER Corp.
육거리종합시장
충청북도 청주시 상당구 석교동 131","청주 성안길,육거리시장"
11,"솥밥 맛집 오창 들꽃이야기입니다 샐러드도 나오고 퓨전한식 느낌으로 맛있게 밥먹을 수 있는 곳이에요
평일 점심에도 주변에서 많이 오는 것 같더라구요 저는 오창 가게 되면 여기 생각나서 친구들에게 자주 추천합니다",오창 들꽃이야기
12,"메뉴도 다양하게 많고 최근에 갔었는데 맛있더라구요 ㅎㅎ!
명암타워쪽에 잇는 카페 스테이인터뷰 르투어 이고 베이커리 카페라 맛있는 빵들 많았습니다 ㅎㅎ
추천드립니당",청주 르투어
13,"청주 맛집으로 소문나기 시작한 오마카세
오픈 4개월차 신상
일식 기반의 스시 위주의 코스
데이트, 기념일 생일예약 메모시 케이크와 식전주
정갈한 요리와 심플, 모던한 힙한 인테리어
라이브로 준비되는 프리미엄급 음식
스시서울
충청북도 청주시 서원구 예체로1번길 20 1층 스시서울",청주 맛집 스시서울
14,"맛집 동호회에 소문이 난 곳이라서
찾은 분평동 삼겹살 집
대기줄까지 ㅎㄷㄷㄷ
솥뚜껑에 삼겹살을 굽는 추억
한상에 차려진 가득함이
좋네요~~~
맛나게 먹었습니다 ~ ㅎ
효자동솥뚜껑 청주분평점
충청북도 청주시 서원구 1순환로1107번길 95 1층",청주 맛집 효자동솥뚜껑 분평점
15,"청주 성안길에 위치한 곡선!
파인다이닝인데 기념일에 가기 좋아요💝",청주 곡선
16,"3월 한숨 돌리고자
요즘 핫한 청주 동남지구를 검색
예전부터 가보고 싶었던 매장
스시쿄다이
이자카야 컨셉
캐쥬얼틱함에 세련된 클래식한 인테리어
입장!!
다찌석 착석
기본 세팅 ㄱ ㄱ ㄱ
쯔유와 샐러드
그리고 츠케모노가 나옵니다.
이 매장의 추천을 몰라서 일단 메뉴판을 보고
기본 사시미 5종 주문
오마카세 스시을 먹고 싶었으나
매장이 처음인지라 메뉴얼에 대해 머쓱해서 제일 비싼것이 맛나다??
그래서 제일 위에 있는 걸 주문
나이 먹으면 그냥 막 일단 시킴 ㅎㅎ
안키모와 스시가 엄치 척~~~
인상에 제일 많이 남았고
안기모가 살짝 식은 상태에서도 비린내가 전혀 나질않아서 놀랬던 부분
사시미와 스시들도 맛있었지만
최고는 . 안키모
좋은 안주엔 빠질 수 없는 술
나이가 먹어서인지 이젠 목 넘김이 없는 것을 선호
그래서 준마이 다이긴죠 주문
급이 있어서 그런지 그래도 부드러움
다 못 마셨지만 그래도 기분 좋은 자리
올만에 데이트 이렇게
요즘 핫하다는 청주 동남지구를
다음엔 차를 버리고 다녀야지
주차 지옥입니다.
스시쿄다이
충청북도 청주시 상당구 중고개로141번길 18-8 1층",청주 동남지구 이자카야 스시쿄다이
17,주민센터 앞 골목의 작은 레스토랑인데 정말 친절하시고 분위기도 좋고 무엇보다 음식 너무 맛있어요!,청주 성안길 근처 오스테리아 문
18,"잠깐 짬을 내서
투썸 아메리카노
대기업 커피숍에 대해 태클걸면 고소 당하나요?
정말 일에 대한 애정? 애착이 없다고 하더라도
너무 고객 응대하는 것이 정말 별루네요
무의미 건조함. 마스크 제스처라도
고객이 필요로 하는 것을 표현하는 것이
기본 서비스직 마인드 아닐ㄲ요?
일하기 싫으면 그냥 일을 안하는 것이
남의 업장에 이미지 손상이 자기로 인해
피해를 주고 있는 생각을 할까요?
정말 남의 회사에 근무를 할때 알바든
민폐로 남는 일적인 마인드로
일하지 맙시다.
투썸플레이스 모충로점
충청북도 청주시 서원구 모충로 58 2층",청주 카페 모충동 투썸 고객을 대하는 자세 대해...다시 한번
19,"연휴 막바지 꽃샘 추위가 물러나고 봄비가 내리는듯 합니다.
스시서울에선 기념일, 생일, 승진 축하 이벤트를
맞이 하신 고객분들에게 식전주 와인과 프리미엄 케이크를
준비 해드리고 있으니 예약 메모 남겨주세요.
맛집의 후회없는 선택 만족 시켜드리겠습니다.
50m
© NAVER Corp.
스시서울
충청북도 청주시 서원구 예체로1번길 20 1층 스시서울
#청주맛집 #개신동맛집 #청주오마카세",청주 3월 데이트 기념일 맛집 추천
20,"요거트 카페
그릭요거트의 꾸덕꾸덕한 맛이 굿!!
쿠폰도 있어 좋아요~
내몸을 위해~
그릭데이 청주점
충청북도 청주시 서원구 사직대로 121 1층 그릭데이
예약",청주 카페 그릭데이 청주점
21,"성화동 귀여운 디저트 카페
노란 밝은 미소로 골목을 눈에 띄게 하는 곳
귀욤 귀욤한 컨셉
스콘, 레몬 케이크, 마스카포네 티라미수
그리고 시나몬 롤을 직접 만듬",청주 카페 멜리밀로
22,"청주 리무소네이처
화려함보단 기본이 탄탄한 평범함을 전달
페어리 케이크
필터 라카브라커피가 대표 메뉴
일하시는 직원 분들의 친절함이 평이 좋은 카페
리무소네이처
충청북도 청주시 서원구 장전로12번길 12 1층",청주 성화동 카페 리무소네이처
23,"3월 연휴가 지나 이젠 청주도 봄 날씨가 시작하는 듯합니다. 이젠 옷도 얇아지겠죠? 청주 카페 데이트 코스 맛집을 추천합니다. 연예하는 설레임 너무 부럽네요 ㅎㅎ
예약은 필수 !!
주차 공간이 없을땐 매장 앞에서 전화
매장이 지정한 곳에 주차 유도
청주 카페 데이트 코스 맛집은 100% 예약제 매장 외관을 봐서는 머하는 곳인지 잘 모른다. 외관엔 깔끔하게 SEOUL 네온사인 간판만 보일 뿐 지나가시는 분들은 전부 밖에서 내부를 들여다 보는 일들이 자주 생기며 머하는 곳인지 묻곤한다. 다들 공방이나
커피숍인지 알고 지나가며 묻곤합니다.
한달 보름 동안 숙성 과정을 통한 생선들로 예약제
고객님의 요리만 준비합니다.
그래서 입구에서 들어서면 셋팅된 스시 바와 옷을 걸 수 있는 옷걸이, 세면대, 카운터 정도로 구성이 되어 있습니다. 실내를 보면 심플 모던 스타일입니다.
자리에 앉고 셰프님께서 자완무시 일본식 계란찜에 대해서 간단하게 먹는 방식에 대해 설명이 끝나게 되면 그때부터 식사 시간은 시작을 알립니다. 셰프님의 요리에 대해 간단한 설명과 먹는 방식과 맛에 대해 설명하게 되면 될 수 있으면 방식에 따르는 것이 좋습니다.
그래야 더 맛있거든요. 청주 카페 데이트 코스 맛집에선 만든 사람의 말을 듣는 것이 진리!!!
시작하면서 츠마미론 ""게우소스와 찐전복"" 한점 이쁘게 담겨 나오며, 순서론 ""아게니"" 흰살 생선튀김 뽈락, 미니모리아와세 사시미가 준비됩니다. 당일의 재료에 따라 매일 바뀝니다. 이것이 바로 오마카세의 매력이죠 ~ 매번 자주 다니시는 분들에겐 새로운 것 신선함 드실 수 있고 처음 오시는 분들에겐 그날 제일 신선한 재료 맛있게드실 수 있으닌깐 이 것이 바로 오마카세 !!!
동해안 바로 올린 생메지마구로 새끼참치, 볒짚에 훈연한 삼치, 부리 방어 등살로 구성진 모리는 이쁘게
등장 여기서 제일 임펙트 있는 맛을 주었던 생선은
바로 삼치 볒짚에 훈연이 되어서 그런지 준비된 소금에 찍어서 먹는데 가장 특별한 맛은 탄듯한 느낌이지만 먹어본 사람만 알 수 있는 그런 오묘한 느껴지는데
청주 카페 데이트 코스 맛집 이거 대단하다는 생각만 들면서 모든 고객님들께서 고개를 끄덕이게 하는
그런 종류의 한점입니다.
청주 카페 데이트 코스 맛집의 츠마미 하이라이트라고 다들 칭찬해주시는 두툼한 가리비관자와 자연산 대하 맛없는 것이 원래 제일 처음 나온다는 설명들
그럼 마지막에 나오는 요리들은 얼마나 맛있다는
말인가 ? 라고 다들 깜놀이죠 ~ ㅎㅎ
스시서울의 스타트를 알리는 미소장국이 나오며 육수를 새우 대가리로 우려서 깊은 진한 것이
아주 요물입니다.
고등어 봉초밥 살짝 토치로 구운 다음 유자 제스트로 마무리 후레쉬하면서 유자의 향이 아주 일품 비린내를 전혀 나질 않고 고급스러운 고등어 구이를 먹는 듯함
그냥 끄덕이게 되는 맛
초밥의 시작은 갑오징어 위에 제주산 청귤을 뿌려서 그 동안 먹었던 음식들을 입안을 덜어주는 역활을 해줍니다. 쫀쫀한 식감과 약간 끝맛의 달달함이 매력적인 놈이기도 때문에 추천드리는 청주 카페 데이트 코스 맛집
""전갱이"" 비릴락할때 멈추면서 기름짐
""아카미 츠케"" 담백하면서 약간의 산미
""오도로"" 참치의 좔좔 흐르는 기름진 와사비를 많이 넣어도 단 맛으로 변하게 만드는 신기한 생선
부리 뱃살, 참돔 뱃살
광어, 바다장어, 새끼참치, 자바리, 보리새우등등 매일 매일 저온 숙성 과정을 통해 가장 맛있는 시기에
사시미와 스시로 준비해 드립니다.
50m
© NAVER Corp.
스시서울
충청북도 청주시 서원구 예체로1번길 20 1층 스시서울
청주시 서원구 개신동 438-113
문의 전화 043-266-5090
스시서울 지도 클릭시 네이버에서 더 많은 정보를 얻을 수 있습니다.",청주 카페 데이트 코스 맛집 추천
24,"청주 맛집 스시서울에서 진행중인 댓글 이벤트에
적극 참여해보시기 바랍니다
특별한 음식 이벤트인 만큼 참여하신 회원님들의 만족도가 크시리라 생각됩니다
아래 게시글 읽으시고 댓글 이벤트 지금 참여해보세요
청주 맛집 스시서울 카페 이벤트
응원 댓글을 달아주시는 분들에게 청주 맛집 스시서울에서 한 분을 선정해 오마카세 2인 체험 식사권을 드리고 있습니다. 청주까지 오시기 힘드신 분들은 양도 가능합니다. 기프트 ...
cafe.naver.com",청주 맛집 스시서울 이벤트 독려!
25,"응원 댓글을 달아주시는 분들에게 청주 맛집 스시서울에서 한 분을 선정해 오마카세 2인 체험 식사권을 드리고 있습니다. 청주까지 오시기 힘드신 분들은 양도 가능합니다. 기프트 상품권으로 드립니다.
그리고 고객 이벤트로 기념일이나 생일, 축하할 일을 메모주시면 이쁜 프리미엄 케잌과 식전주를 준비해드리고 있으니 예약문의 주세요 ~
실내에 들어서면 손을 세척할 수 있는 세면대가 비치 되어 있으며 청주 맛집 인테리어는 모던스타일로 오픈 한지 얼마 되질 않아 실내의 컨디션은 아주 좋아요. 바닥은 콩자갈로 만들어져 아주 느낌적 느낌 블링블링 한 것이 이뻐요 ~
청주 맛집은 100% 예약제로 미리 자리가 셋팅 되어 있으며, 앉어서 잠시 대화를 나누고 있으면 정시에 요리가 시작 됩니다. 그 전에 음료나 주류주문을 하려면 서버분에게 메뉴판을 주문하면 가져다 줍니다. 한숨 돌리고 나면 차완무시 일본식 계란찜이 준비가 되는데 셰프님께서 안에 단호박이 들어있으니 으깨서 드시면 맛있게 드실 수 있다고 설명해줍니다. 다이닝 바를 가게되면 첫 요리가 제일 중요하다고 생각합니다. 첫맛이 나와 잘 맞아야 전체적으로 궁합과 밸런스가 맞기 때문이죠. 여튼 차완무시는 부드럽고 푸딩같은 식감에 마지막에 터지는 단호박의 달달함이 밸런스가 좋습니다.
다음으로 준비되는 타코 간장 베이스에 2시간여 찜통에 찐 문어라고 합니다. 식감이 전혀 질기지 않고 소스의 달달함과 위에 토핑으로 계란 노른자가 마지막 눈으로 보는 미각까지 이쁘게 살려줍니다. 중요한건 질기지 않은 문어의 식감이 포인트인듯 합니다.
스시를 먹기 전에 준비되는 미소된장 세프님의 설명은 새우 머리를 모아서 우려낸 육수로 만든 미소는 직접 먹어보질 않으면 그 진한 육수의 맛은 아주 시원합니다. 원래 스시 나오기전에 준비되는 청주 맛집 오마카세는 통상적인 규칙이나 조금 늦을때도 빠를 때도 있긴 합니다. 하지만 오늘은 일찍 준비되었네요. 전혀 심심하지 않은 간에 적당합니다. 간혹 오버 쿡이 되어버리면 짤 수도 있거든요. 그래도 오늘은 굿!!
미니 ㅅㅏ시미모리아와세 방어, 광어, 삼치, 참치 블럭 구성으로 3점이 나오는데 첫점 아무거나 일단 소금에 찍고 두번째 점부터는 기존에 드시던 방식의 와사비 간장으로 개인적인 취향으로 드셔보라는 셰프님의 친절한 설명에 사시미를 소금에 ? 전혀 생각지 않은 궁합의 셰프님의 말을 믿고 한번 도전해보니 이게 왠열~~~ 완전 사시미가 달달하니 소금이 설탕같은 맛을 작용하는 착각을 들겠끔 소금이 셋팅이 된것이 아니라 설탕에 찍어서 먹는 느낌이랄까? 이때 알았죠.. 난 와사비파가 아니라 소금파였구라고..ㅎㅎㅎ
자연산 대하는 어마어마한 자이언트 사이즈로 위엔 소스를 한번 장인의 포스로 뿌리더니 토핑으로 쪽파와 깨소금을 적절히 섞어서 내어주시는데 살아오면서 먹었던 새우는 진짜 새우가 아니였구나라고 무릎을 팍~~ 치게하는 그런 맛 ? 아주 대단한 거대 자이언트스러운 맛이였습니다. 아직도 그 맛에... 청주 맛집의 대하를 잊을 수 없을겁니다.
한점 한점나오는 요리들의 맛들이 아주 궁금해집니다. 다음은 마까+가리비관자 사이즈 봤나요? ㅎㅎㅎ 거대거대 입 안에서의 거대한 크기의 풍만함과 입안에서의 부드렁무과 버터의 향과 마지막의 가리비의 약간의 달달함까지 소고기를 구울때 미디움으로 구운게 아니라 레어의 굽기로 구워서인지 살살 녹는 사시미의 육질까지 느껴집니다. 청주 맛집을 찾아주신 고객님들은 거의 ~ 그냥 끄덕끄덕..
제주산 금태 생선계의 에르메스라고 불린다고 합니다. 저도 여럿 유튭에서만 보기만했지 실무루을 영접해보긴 처음이며, 위에 영롱한 이꾸라의 알들이 딱 봐도 이쁘죠잉?? ㅎㅎ 내꺼랍니다. ㅎㅎ 한 젓가락에 떠서 한입에 먹거나 아니면 생션살을 다 으깨서 밑에 있는 샤리랑 같이 쉐키쉐키해서 드시면 더 맛있게 먹을 수 있다는 셰프님의 설명이 끝나기 무섭게 바로 행동 개시!!! 합니다. 금태의 기름이 와 ~~ 장난아닙니다. 세상 무서운 맛입니다. 기름이 장난이 아니고 그 맛은 느끼히지않으면서 부드러운 담백의 맛 향은 고소하면서 엄지척 !!
무와 다시마로 덮고 찜통에서 3ㅅㅣ간동안 찐 전복이랍니다. 이것이 청주 맛집의 레시피 혹시 드셔보셨나요? 식감이 보들보들 ㅎㅎ 그리고 밑에있는 게우소스는 전복내장크림소스로 전복살에 듬뿍 찍어서 많이 발라서 먹으면 더 맛있다고 설명해주시는데 나중엔 소스가 너무 맛있어서 아쉽게 끄적끄적 했는데 셰프님께서 샤리를 하나 투척해주시는데 ㅋ ㅑ ~~ 비벼서 먹는데 아주 개꿀띠!!! 안 먹어보셨으면 나중에 셰프님께 샤리하나 부탁하세요 ~ ^^
디너에만 준비된다는 아마+우니 캐나산으로 최상급 프리미엄은 아니지만 우니의 단점인 쓴 맛은 전혀 나질 않으며 녹진한 맛은 아주 기가막힙니다. 아실랑가? 모르겠네요 ~ ㅎ 그리고 에비 단새우는 우니와의 적절함에 마지막 단맛을 뿜어내는 아주 화룡정점입니다. 제일 인상 깊었던 맛이 되겠습니다. ㅎ
교쿠와 박고지, 새우, 참치살들고 어우러지는 맛은 아마도 안 먹어보신 분들은 모르실껄요 ~ 그리고 스시 마무리 타임에 같이 준비되는 이나니와면의 온면 탱글탱글한 식감이 아주 일품이며 매력적입니다. 육수는 칼칼하니 마무리의 맛은 깔끔합니다.
츠마미 요리가 끝나면 미소장국과 같이 나오는 스시들 일단 그 동안 먹은 것에 대한 입가심을 갑오징어 위에 뿌려진 청귤 제스트로 입안을 상큼하게 만들어주고 다음으로 볒집으로 훈연한 삼치, 간장쯔께한 적신등등 아주 입에서 살살 녹아요 ~
맛은 말이 필요 없습니다. 그냥 이젠 생선의 이름만 셰프님의 설명을 다 적기엔 너무 글이 길어집니다. 한마디로 셰프님읜 셜명이 짧게 굵게 잘 해줘요 ~ ㅎ 그리고 초심자의 마인드를 맞춰서 서브까지도 편안하게 가끔씩 예의를 차려서도 하고 어쩔땐 위트있는 말로도 그동안의 내공이시겠죠? 한번 서브 받아보세요 ~ ㅎ
도미 뱃살, 보리새우 오도리
바다장어 아나고, 시마아지 전갱이 부리 방어도 나오고
토치로 구운 장어, 방어 뱃살, 광어등등
총 20여 가지 넘게 한점 한점 요리들이 준비되니 프리미엄급이라고 속이 덜 찰까하는 생각은 하지마세요 ~ ㅎ 마지막에 셰프님께서 든든하시냐고 ? 집에 가서 라면 끓여드실꺼면 말씀하시라고 앵콜 스시 더 준비해드린다고 하시면서 1시간동안의 식사시간은 마무리 됩니다. 편안하게 담소 나누시며 편안하실 때 일어나라는 멘트로 인사하시면서 퇴장하십니다. ㅎㅎ
50m
© NAVER Corp.
스시서울
충청북도 청주시 서원구 예체로1번길 20 1층 스시서울",청주 맛집 스시서울 카페 이벤트
26,"지난 11월 충북대병원 개신오거리
근처에 오픈한 청주 맛집 일식코스 스시 오마카세
매장을 운영하는 마인드로 철학조차도 서브를 한번 받아보면
그 마인드를 알 수 있다.
한점 한점에서 나오는 사시미에서 그 내공을 느낄 수 있다.
누군가 내가 먹는 모습을 앞에서 지켜보고 있다라는
시선을 느낀다면 누구든 그 압박?? 부담감??은 굳이 돈을
내면서 까지 느끼고 싶지는 않을 것이다.
하지만 청주 맛집에선 편안한 말토로 안정적인 모션
고객을 대하는 접객의 센스도
아주 편안함을 느끼게 해준다면
최고의 만찬의 자리가 되어주는 것이
바로 오마카세의 최고 아닐까 ?
런치와 디너를 청주 맛집을 다니면서 당연 요리의 갭??
차이는 당연하다 금액의 차이 때문에
나오는 재료의 기본 베이스가
고가로 만들어지고
만드는 수고스러움도 아마
더 난이도도 더 인력도 더 일것이다.
꽃샘 추위가 3월 초부터 기승이다.
오늘 3월 연휴 주말 체감 온도는 무려 영하 19도
말이 안되는 날씨에 아주 제대로 꼬장을 부르는 듯
한 느낌이 팍팍 온다..
여튼 주 중부터 풀린다고 하니 이젠 나들이 하기 좋은 날씨
봄이 아니였던가.. 데이트를 위해 봄 신상도
찾아보고 3월 말이 되면 벚꽃 때문에
온 전국이 또 날리나겠죠?
늘 이 맘때면 전국 개화시기도 예상하며
진해 군항제부터 해서 뉴스에 이벤트처럼
알리기 시작하죠 ~~
그럼 내 맘도 기냥 들떠버리는 ㅠㅠ
청주도 벚꽃이 있다구!!!
무침천이쥬~~
밤.낮 할 것 없이 여인들의 데이트 코스에 꽃구경에
지금 생각나는건 무심천뿐 생각이 나질 않네요 ~
그럼 저도 그 사이에 한사람이 되어
있겠죠??? 젭알 ㅎㅎㅎㅎ
여튼 데이트에 빠질 수 없는 곳
청주 맛집이쥬 ~~
분위기 좋은 곳을 찾기 마련인데
연인끼리 일식을 좋아한다면
바로 성안길, 무심천, 율량동 가까운 곳
청주 맛집을 소개시켜 드립니다.
정갈한 한점 요리에 눈으로 봐도
너무도 이쁜 일식의 끝판왕
스시 오마카세로 많은 좋은 평을 꾸준히
이어가고 있는 매장
사진으로 보면서 스타일에 맞는 요리
가 있는지 여러분의 선택입니다.
심플한 매장 인테리어
데이트 코스중의 한 곳 후회 없는 선택!!
센스 있는 사람이 되어 보세요 ~
청주 맛집을 찾아 서로에게 ....
이번에 dji 짐벌까지 샀는데...
이걸 동원해서 걸어다니면서
브이로그를 아주 멋들어지게
편집까지해서 이쁜 영상 뽑아봐야 하는데..
아주 이번 봄이 시작하는 시즌엔
제대로 준비해서 이쁜 영상으로
많은 분들에게 부러움까지 만들어 볼 생각입니다.
나중에 벚꽃과 청주 맛집 탐방으로
많은 영상을 만들어서
제 블로그나 유튭에도 많이 올려서
사람들이 관심도 끌어봐야겠어요 ~
오늘 정말 강한 바람과 저도 함께
날아가고 귀도 떨어져 나가겠어요
다들 감기 조심하시구요 ^^
모두 즐거운 맛집 탐방 하세요 ~ ^^
50m
© NAVER Corp.
스시서울
충청북도 청주시 서원구 예체로1번길 20 1층 스시서울
100% 예약제
캐치테이블 앱 이용가능
예약 전화 가능, 문의 ㄱㄱㄱ
0507-1377-5091
단일 메뉴
1인 런치 60.
1인 디너 100.
런치 1부 : 12:00
2부 : 13:30
디너 1부 : 18:30
2부: 20:30",청주 맛집 나들이하기 좋은 계절
27,"클래식함이 주는 편안함
커피 맛이 좋다고 하는데 ...
외곽이 주는 편안함
올만에 연이은 휴일에
외곽까지 멀리 나와서 커피 한잔하네요 ~
다들 좋은 하루 되시고
마지막 꽃샘 추위가 심술을 부리네요
감기 조심요 ~~
향기나무커피
충청북도 청주시 상당구 문의면 문의시내1길 14-29
예약",청주 카페 향기나무
28,"청주 성안길에 위치한 소로리
각종 덮밥이랑 연어메밀김밥 파는 집이에요
최근에 가게를 더 넓게 확장해서 웨이팅도 짧아지고 회전률도 좋아요
음식 나오는 속도도 더 빨라졌어요!!
꼭 한번 가보세요~~~!",청주 성안길 맛집 소로리 추천합니다
29,"바지락 칼국수 포장
쫀쫀한 면빨~
시원한 바지락 육수..
칼칼한 고추다데기
칼국수 집은 역시 김치가 맛을 좌우하는듯
직접 담군들한 김치가 아트다 아트!!!
밀꽃 칼국수
충청북도 청주시 서원구 신성화로 46 597번지 밀꽃칼국수",청주 성화동 밀꽃칼국수 포장!!!
30,"청주 율량동에 위치한 양식 집 '리리크'입니다.
문어 마늘종 링귀니 메뉴 꼭 추천드립니다.
자리가 많지않은 편이라 방문전에 자리 있는지 전화해보고 가시면 좋을거같아요.
주차는 주말일 경우에는 대로변에 잠깐 대는건 괜찮겠지만 불안하시면 뒤쪽 골목에 자리 찾으셔서 해야할듯 합니다~
상가건물이라 타 식당도 함께 이용해서 주차자리는 별도로 없다고 생각하심 좋을거같아요 ^^",청주맛집 파스타&스테이크 '리리크'
31,"성안길에 위치한 양식 코스요리집 안다미로입니다.
단품요리들도 물론 훌륭하지만 안다미로는 코스로 많이 주문해서 드시는거같아요!
저희는 B, C 코스 각 1개씩 주문해서 메인메뉴를 두개 두고 먹었습니다.
B코스는 기본 스프+샐러드+★랍스터파스타+음료or와인+디저트 코스이고
C코스는 B코스와 동일하지만 파스타대신 ★스테이크가 나오는 코스입니다!
맛있는 한끼로 추천드려요 ^^",청주맛집 양식코스 안다미로
32,"분평동에 위치한 대형 베이커리
아주 빵이 어마어마
시설도 어마어마
애견동반 가능
주차공간이 일단 최고 ~
비즈니스 미팅 최적 룸 보유 ~
에이커
충청북도 청주시 서원구 용평로113번길 47 1~3층",청주 분평동 대형베이커리
33,"분위기
이쁜 실내
클래식함과 빈티지스러움
느낌 사는 내덕동 카페
일면식
충청북도 청주시 청원구 덕벌로 43 영빌딩 3층",청주 카페 일면식
34,"올만에 치킨
간장은 교촌인데..
첨으로 호식이 먹어봤는데…
괜찮네요~ ㅎㅎ
맛나게 점심 먹음..
호식이두마리치킨 사직점
충청북도 청주시 서원구 호국로 55-2",청주 사직동 호식이 치킨
35,"충주에도 맛있는 빵집이 많이 있지만..
충주에선 못만나본 빵들..
청주가면 꼭 사오게되는 빵이 있어요.
제일 좋아하는 잡곡식빵.
토스터기에 구워 딸기잼 발라 먹으면
넘넘 고소하고 맛있어요~
그리고 파게트..
대파를 송송 썰어 크림치즈를 올려 만든
파게트..
식으면 살짝 구워먹으면 엄청 맛있구요^
마지막은 아들이 좋아하는 케익.
라즈베리쇼콜라.
초코케익시트에 라즈베리잼이 올려진 케익인데
당충천하기 딱이랍니다.
청주에 있는 바누아투과자점여요.
베이커리카페로 확장했는데...
프랑스 제과대회에서 수상한 분이 사장님이래요.
청주가시면
지웰시티 근처가시면 추천해봅니다~
50m
© NAVER Corp.
바누아투과자점
충청북도 청주시 흥덕구 죽천로79번길 29",청주가면 꼭 사오는 잡곡식빵과 파게트. 그리고 라즈베리쇼콜라
36,"비하동 골목 위치
조용한 카페
차분한 음악 실내
모던한 심플함이 좋음
씨리얼
충청북도 청주시 흥덕구 비하로15번길 9 101호",청주 카페 시리얼
37,"관광기념품 지정
살면서 살짝 잊고 살았던 곳
본정
청주 지역 브랜드라고 할 수 있죠??
초코렛으로 유명한 브랜드죠?
청주 시민이라면 거의 알정도??!!
하지만 늘 보면서 느끼는 점은 맛과 창의적인 아이디어는 참 좋은데 브랜딩이 참 아쉽다고 늘 느끼는 브랜드중 하나 약간 마케팅적인 부분에 너무 클랙식해서 힙하지 못하다고 해야할까??
약간 촌스러운 이미지??
세련된 브랜딩이 매번 보면서 아쉽다.
하지만 그럼에도 인지도는 있다 !!
맛만 좋으면 되닌깐 !!!
본정 케익&초콜릿 체험카페 사창점
충청북도 청주시 서원구 사직대로 86 본정빌딩
예약",청주 본정 사창점 초콜렛 카페
38,"잘 되는 집은 다 이유가 있다.
개신동 맛집 인정!!!
젊은 인생들이 많은 곳
아무래도 가성비가 좋다고해서 몰리겠죠??
자자~~
스끼다시 갑니다 ~~
깔끔한 상차림~~
메인 출발~~!!
매운탕은 빠질 수 읍죠??!!
라면 사리 퐁당과 마무리
공기밥과 함께~~
아쉽게도 술은 오늘은 ㅃ2
내돈내산!!!
50m
© NAVER Corp.
팔팔어시장
충청북도 청주시 서원구 모충로25번길 9",청주 횟집 팔팔어시장
39,"파스타 라이크
매콤 해장파스타가 아주 내 수탈~~
정말 혼자 파스타 먹고 싶을때 청양초를 이빠이 썰어서
만들어 먹던 내 스타일의 맛인 파스타
딱!!! 그 맛이 배달로
이러니 먹을 수 밖에…
배민 검색하면 나옵니다.
복대동~~",청주 배달 요즘 여기에 꼽혀서…
40,"상당구 남일면 에
클로그
데이트하기 좋은
디저트도 굿!!
야외 공간 활용을 잘 해놔서
쉼터로 이용 굿
에클로그
충청북도 청주시 상당구 남일면 효덕길 26-84",청주 카페 에클로그
41,"청주 대물림 맛집 정보입니다
기준은 2대가 25년 이상 운영하고 있는 업소라고 합니다
총12개의 업소가 공지되었군요
청주여행 혹은 청주를 방문하게 되면,
관심을 갖고 방문해봐야겠습니다.
회원님들중에는 아래 업소에 방문 경험이 있으신가요?
맛집 후기도 올려주시면 좋을 것 같습니다
충주시닷컴
출처 : 충북도청
청주 대물림 맛집(2대 25년이상 운영업소)",청주 대물림 맛집(2대 25년이상 운영업소)
42,"빵 킬러들이 많이 모일 것 같은 ..
입구부터 편안함이 느껴지는 기분 좋은 곳
제빵하는 곳이 따로 마련된 공간도 볼수 있게 인테리어
빈티지스러우면서 고급스러움이 공존
2층엔 서브 빠와 고객이 이용할 수있는 공간이 따로 준비되어 있어 좋타
외곽에서 편안한 시간를 보내기 부적함이 전혀 느껴지질 않는다. 만족 한다 !!
컨트리하우스
충청북도 청주시 상당구 목련로214번길 40",청주 카페 디저트 시설 굿!!! 컨트리하우스
43,"야식 최애 맛집중 한 곳
여긴 짜장면이 최고!!
유니짜장 수타일로 나오는데 그 맛을 정말 잘 뽑아낸다.
하지만 짜장보단 오늘은 우동이 땡겼을 뿐
하지만 맛이 영~~~
이 집 주방장님이 쉬는 날이 걸렸나부다 ㅜㅜ
주방장님이 쉬는 날은 음식 맛이 변한다.
워낙 기존에 있는 분이 잘하셔서
오늘이 장날 ㅜㅜ
우동 맛이 밍밍 육수가. ㅜ ㅜ
오늘 25시반점은 실패 ㅜㅜ
25시반점수곡점
충청북도 청주시 서원구 구룡산로 331-1",청주 25시반점 수곡점 feat 삼성우동
44,"수제햄버거
일반 프차보다 낫긴 하지만
무언가 부적함은 재료의 가격을 맞추다보니
어쩔 수 없는 부족한 맛은 아쉽!!
어느 곳인지는 노코멘트입니다.
그래도 열심히 일하시는 사장님
힘내시고 홧팅입니다.
친절함속에 잊혀지지않는 미소
항상 좋은 일만…
건승!!!!",청주 수제햄버거
45,"남들갈비 이 집도 10년 단골 집
“돼지갈비”는 추억의 맛
구공탄 연탄에 태워 먹는 대학 학창시절
돈 없을때 배부르게 먹었던
추억
“ 동치미 국수”
옛날 시골 할머니가 만들어주신 그 맛
그대로 느껴지는
옛날 맛
좋아요!!!
남들갈비
충청북도 청주시 서원구 청남로2133번길 8",모충동 백년가게 “남들갈비”
46,"성안길 베이커리 맛집
1층 만드는 과정과 오더
눈에 들어오는 디저트들
사람 눈 돌아가게합니다.
만약 가시면 현혹되지 마세요~
다 마시쓰닌깐~ ㅋㅋ
흥흥제과
충청북도 청주시 상당구 중앙로 5-3",청주 디저트 카페 흥흥제과
47,"“대형 카페 하이”
인사를 뜻하는게 아니라 높낮이를 표현 ㅎㅎ
건물이 웅장하다.
유행인가 보다
대형 베이커리 카페
외곽에 이런 곳들이 많이 생기는 추세다.
한땐 청주 외곽 카페에 많이 다녔다.
매장마다 색다른 디저트들이 즐비해 있다.
나 같은 사람한텐 정말 좋타..
내가 빵 귀신이라서 ㅎㅎㅎ
카페 하이
충청북도 청주시 서원구 성화로 12 카페하이
예약",청주 성화동 대형베이커리 카페 하이
48,"“물갈비”
단일 메뉴
청주분들의 추억의 맛이 있는 식당
너무 유명해서 처음으로 방문
클래식한 식당 분위기
편안함
낮부터 많은 분들이
“결론”
나에겐 추억이 없지만 다시 한번은 찾아올 식당
맛있다!!
재건갈비
충청북도 청주시 서원구 청남로 2104 재건갈비",청주 모충동 재건갈비 백년가게
49,"일 때문에 성안길 방문 했다가 짱이네돈까스가 유명하다고 해서 찾아갔다가 갑자기 짬뽕이 먹고 싶어서 옆에 있는 국수나무로 방문 했어요...! 신기하게 여기는 스테이크도 같이 판매하길래 먹어봤어요!
상하이짬뽕! 저는 국수나무 짬뽕을 좋아해서 이건 제가 시켰어요! 역시나 맛있어요 ㅋㅋ 왠만한 중국집보다 ㅋㅋ
이거는 동료가 주문한 큐브스테이크덮밥! 가격도 싸길래 뺏어서 한입 먹어봤는데 이것도 맛있어요!
반찬은 셀프! 계란후라이도 해먹을 수 있게 계란!! 저희는 3개씩 먹었어요..
다른 국수나무들을 많이 가봤는데 여기는 스테이크, 스테이크덮밥, 파스타도 팔더라구요! 콜라보인가...?
그런데 스테이크덮밥도 맛있더라구요! 꼭 방문해보시면 좋을것 같아요! 청주가면 여러명이서 갈 때 재방문 의사 있습니다!
50m
© NAVER Corp.
국수나무 성안점
충청북도 청주시 상당구 상당로59번길 12-1 2층
매장이 2층에 있어서 찾기 어려웠는데! 청주의 유명한 짱이네돈까스?? 바로 옆 매장 입니다!",청주 맛집! 짬뽕 맛집!!! 국수나무 청주성안점 방문!
50,"10년 이상된 단골집
또 하나 풀어요~~
혼밥으로 자주 가는 곳
청주 어느 곳에 있어도 해장국이 생각나면
혼자 편하게 부담없이 갈 수 있는 곳..
남주동해장국
충청북도 청주시 상당구 무심동로304번길 10",서문동 남주동해장국 단골집 풀어요~
51,"탑동 그집에가면 한식뷔폐
8천원 가성비 최고
현지인 분들의 극찬하는 맛집
이 집의 또 대박 후식은 식혜
있다는 것이 문제가 아니라 맛이 아주 최고라는
골고루 먹을 수 있지만 양에도 제한이 없이
최고의 가성비 맛집 강추!!!
그집에가면
충청북도 청주시 상당구 산성로9번길 3",탑동 현지 로컬 그집에가면
52,"내덕동 로컬 식당
설렁탕. 육계장 맛집으로 어느 것을 선택할 수 없는 곳
국물이 진하며 고기의 질도 좋타!!
자극적이지 않는 맛에 편안한 넘김이 자연스러워서 좋은 곳이니 추천 드립니다.
리정
충청북도 청주시 청원구 우암로 71-1",우암동 현지 로컬 식당 리정
53,"발렌타인 데이 잘 보내셨나요??
청주 맛집 기념일, 데이트 맛집
스시서울 추천드립니다.
준비 되는 요리를 보시고
선택해 보세요. ^^
오픈 3개월 신상 스시 오마카세
고민은 예약만 늦출 뿐~~
예약제 100%
많은 정보는 아래 지도 클릭 거거~
강추!!
50m
© NAVER Corp.
스시서울
충청북도 청주시 서원구 예체로1번길 20 1층 스시서울",청주 맛집 스시서울
54,"육회비빔밥은 이 곳입니다.
육회랑 사시미랑
여기 요리하시는 분이 기본기가 탄탄하시는게 스킬에서
바로 느껴집니다.
칼을 쓰는 법과 야채의 신선함 유지
맛의 간에 대한 비율 딱!! 입니다.
배민 검색 육회랑 사시미랑
참고로 모르시는 사장님 ….
불경기에 홧팅 !! 응원 합니다.
배달 장사가 힘든데 ㅜㅜ",수곡동 육회비빔밥 찐탱!! 닥추!!
55,"오송에 새로생긴 조개구이무한리필집 다녀왔어요 ㅎㅎ
상호명이 오송조개구이무한리필 이에요
고기도 있어서 풍족합니다 ㅎ
삼겹살 목살 닭고기 소고기 다 있어요~~
조개무한리필집 가면 보통 첫판+둘째판 까지는 기본제공으로 주는곳이 많던데
오송무한리필은 올 셀프예요><
저희 욕심내서 가리비 왕창 담았어요 ㅋㅋㅋ
고기는 저 동그랗게 말린?듯한게 뽈항정이었는데 제일 맛있엇고요
삼겹살도 평범한 삼겹살 맛!! 맛있었어요
완전 신선하구,, 달콤..쫄깃..ㅎ 진짜 대박맛있게 먹었어요
키조개,,관자,,진짜,, ㅠ 최고
명절이라고 그런건지? 꼬지전도 있어서 구워먹구요 ㅎㅎ
가격대가 조금 있긴한데 그 값 하는것같아용
치즈도 무한이에요,,밖에서 치즈사리 추가하면 3,4천원 하는거 엄청 아까워하거든요ㅎㅎㅎ
라면은 추가해야하는데 라면에 들어가는 해물은 무료!! 무조건 먹고와야죵
배터지게 외식함 하고왔습니당^^ 넘 괜찮아서 추천해요
50m
© NAVER Corp.
오송조개구이무한리필
충청북도 청주시 흥덕구 오송읍 오송생명13로 25 1층",청주 오송 맛집 조개구이무한리필
56,"성안길 삼겹살골목 입구에 위치
착한 가격
그 만큼 가성비는 쵝오!!!
최애 메뉴 칼국수
10년 넘은 단골 식당
공기밥 하나 추가해서 한 그릇 뚝딱!!!
이 식당에 매력은 지고추
지고추를 칼칼하게 넣어서 먹으면 ㅋ ㅑ ~~!
또 침고이쥬~~~
오복원조칼국수 청주본점
충청북도 청주시 상당구 무심동로372번길 41",시내 성안길 오복칼국수 10년 단골집
57,"어때요? 너무 예쁘죠? ^^
청주 외곽에 있는 북카페를 소개합니다.
전원마을의 한 길목 언덕즈음에 있는
아기자기 카페에요^^
너무나도 가고 싶고 쉬고 싶은
북카페인데 다녀오길 잘했어요~
1층, 2층,
2층에 연결된 다락룸 ㅋ
이 곳은 보드게임도 있어
아이와 함께 즐기기도 좋아요~
직접 읽고 구입 가능한 도서도 있어
한 권을 안고 왔습니다.^^
좋아했던 그림체가 있었는데
글쎄 그 분이 작가님이셨던 ㅋㅋ
이제 곧 따스한 봄이 올테니
한번 바람따라 다녀와 보세요^^
50m
© NAVER Corp.
카페 마즐리스
충청북도 청주시 서원구 남이면 청남로 1484-40 1층",커피 한모금에 읽어보는 책 한줄..
58,"명절에 받은 스트레스를 매운 맛으로 콱~~ 마~~!!!
노동을 매운맛으로 타파!!!
사창동 핫징어
배달 전문점인듯 합니다.
배민 검색하면 나와요~~
손손푸드
충청북도 청주시 서원구 창신로25번길 11",사창동 핫징어 배달 스트레스 ~ 확!!!
59,"각종 언론사 및 백종원님까지
너무도 유명한 곳
성안길 위치한 원조고추만두 식당
그 유명세에 많은 분들이 각지에서 찾아와서 웨이팅도 있는 것 정작 현지인 저인 사람은 못 먹는 해프닝~ ㅎ
평일 조용한 날에 노려 쉽게 먹을 수 있죠 ~ ㅎㅎ
원조 고추만두국집
충청북도 청주시 상당구 사직대로350번길 61 1층 고추만두국집",청주 로컬 원조고추만두
60,"개신동오거리
파스구찌? 맞나 ? 철자가?
여튼
슬슬 연휴 마무리 해봅니다.
다들 해피 설 되셨나요? ^^
전 열심히 노가다 띄었네요~~^^
파스쿠찌 청주개신점
충청북도 청주시 서원구 모충로 5 (개신동) 파스쿠찌
예약",모충동 파스구찌
61,"너무나도 유명하고 이미 검증이 끝난 곳
수곡동 현지 로컬맛집
청국장 1인 8천
2인 6천
미친가격에 미친 맛
가성대비 최고의 식당
현금 계산시 천원 할인인건 안 비밀~~
한식 식당이 생각난다면
괴산식당 설명이 필요없는 곳이니
적극 추천 !!!
닥추!!
괴산식당
충청북도 청주시 서원구 매봉로76번길 30",로컬맛집 괴산식당 검증은 이미 끝난 곳
62,"일반 주택에 빈티지스런 곳
디저트가 정말 맛이는 곳
디저트에 진심인 곳
추천 드립니다.
소노손손
충청북도 청주시 서원구 구룡산로431번길 21",소노손손 디저트가 맛있는 곳~
63,"개신동에서 복대동으로 넘어가는 위치에 자리 잡고 있는 횟집 길목으라고 표현하는 곳
일조횟집 공격해볼께요~~
명절 당일 전날이라서 많은 가게들이 일찍 조기 마감으로 선택지가 많이 없어서 할 수 없이
찾은 횟집 매운탕이 먹고 싶었다.
스끼다시??? 준비 해주신다.
싱싱한 활낙지~~
꿈틀꿈틀..
생선구이 2종과 가오리찜 준비 해주심~~
주문한 우럭회~~
너무 얇다~~
그냥 너무
6만원인데…
아쉽다..
횟집은 쌈장이쥬~~
활어 우럭은 쌈이쥬~~
회가 너무 얇아서인지 많은 점을 넣어서…
그래도 식감은 전혀
마지막으로 매운탕~
밥은 없다..
가게 사정이 있으신단다…
밥이 이틀 지난 것뿐이..’
그래서 햇반을 주신단다.
전체적인 한마디~
불경기?? 불경기는 전체적인 자영업인 자기 자신이 만드는 딜레마라고 생각한다.
고립되어 있는 상황은 자기 자신이 만든다고 생각한다.
고객은 돌고 돈다. 그리고 다시 돌아온다.
다시 돌아올 수 있는 환경은 자영업인 자기 자신의 자세라고 생각한다.
준비가 전혀 안되어있다면 다신 찾지 않을 것이다.
어른 두분이 영업하신다.
어떻게든 넓게 아니면 크게 이해하랴고 노력해 봤다.
하지만. 좋은 평이 별로 나오질 않는다
잘 못먹었다 하는 말이 목까지 올라왔지만….
불편한 상황이 한두가지면 그냥 넘어가겠지만…
오늘은 이만…
일조수산
충청북도 청주시 흥덕구 복대로 112",일조횟집 Feat:자영업은 불경기라 힘들다.
64,"서울닭발 아시나요??
충북대 로컬
청주 토박이 분들은 왠만하면 다 아시는 그 유명한 곳
청주 노포 식당으로 많응 분들리 아시는 곳
별 설명이 필요 없죠 ~
고추가루의 진한 칼칼한 맛이 전해집니다.
뼈 사이사이 마다 골들이 부드럽게 으스러집니다.
이게 통닭이쥬~~
바삭 바삭
다리 하나씩 붙잡고 산적처럼 …
이게 바로 정말 ~
인생막걸리네요~~
서울닭발
충청북도 청주시 서원구 모충로25번길 20",충북대 노포식당 서울닭발
65,"청주 돈까스 맛집으로 유명한 곳
저의 최애 돈까스
돈까스에만 힘을 많이 준다고 해야할까?
일주일에 한번씩 방문
혼밥으로 많은 분들이 찾기도 함~
저 역시 혼자 먹기 부담이 될때 어김없이 찾는 곳입니다.
옛날 경양식 돈까스를 좋아하신다면 …
여깁니다. ^^
온누리왕돈까스
충청북도 청주시 서원구 수곡로57번길 7",온누리 돈까스
66,"오늘은 늑간살이 무슨 맛인지~~
함 뿌셔뷸께요~~
여즘 인플루언서 모드로 카메라 들고 거거싱~~
고기는 좋아보인다.
개신동의 사시미특공대라고 운영하던 매장으로
설 연휴이후로 다시 리턴즈 사시미특공대로 운영하신다는 사장님
1년간 3-4번 업종을 바꾸셨다는데…
스토리감… ㅎㅎ
결국은 설연휴 이후로
늑간살은 먹을 수 없는 메뉴일듯…
사진에서 보이는 모습은 아주~~ 죽이쥬??
속지마시구요 ^^
50m
© NAVER Corp.
사시미특공대
충청북도 청주시 서원구 개신동 438-93 사시미특공대(늑간살)",늑간살 맛있나요?? feat: 사시미특공대
67,"청주에 업무가있어 갔다가
카페 도움으로 식당도 갔어요
전 그 맛집이 좀 아쉬웠는데 카페는 괜찮았어요
케이크 크림이 다 부드럽고 좋았는데
조용한 분위기는 아니고 엄청 활기찬 분위기~",청주 아베크케이크
68,"수곡동 위치한 도란도란
매장 이름 같이
도란도란 앉아서 먹고 마실 수 있는 곳
작은 공간에서 느껴지는 분위기
골뱅이 무침
제육볶음
맛나요~
50m
© NAVER Corp.
도란도란
충청북도 청주시 서원구 구룡산로 243 1층",수곡동 도란도란 작은 술집
69,"축구 보기전 삼겹살 급하게 뿌셔 봤어용~~ ㅎ
올만에 카메라 들고서…
좀더 나은 사진 한장을 얻기 위해
힘을 써봤어요~~~
기본찬 등장~~
매장엔 단체 고객님들이 많이 계시네요~
개신동 고담길 입장해 봅니다.
신선함 야채와 밑반찬은 셀프 코너에서 무한으로~~
항정살과 목살
동반인께서 비계살을 극혐해서 할 수 없이
고담길은 미박 삼겹살이 시그니쳐랍니다.
고기를 굽는 동안 된장찌개와 계란찜이 준비됨
찌개는 살짝 칼칼함이 아주~~ 굿!!
계람 찜은 말해모해~~~^^
잘 굽죠?
맛나 보이쥬??!!
기름에 김치와 콩나물 무침과 등등을 데쳐봅니다.
소맥 ~
빠질 수 읍죠~~
이렇게 축구 보기전에
삼겹살을 뿌셔 봣어요~~^^
축구 보는중…
제발 ㅜㅜ
오늘 결승 ㄱ ㅏ ㅈ ㅏ !!!
50m
© NAVER Corp.
고담길
충청북도 청주시 서원구 예체로1번길 25 . 2층",개신동 삼겹살 맛집요
70,"로컬 맛집을 찾으시나요??
옛날 시골 된장찌개의 맛을 느끼고 싶으시다면
여깁니다 !!!
꼭 찝어 말할 수 있습니다.
맛있습니다.
할머니 손에 자란 전 시골 된장 맛이 어떤 맛인지 잘 압니다. 그 맛을 찾고 계신다면 이 집입니다.
대접 고봉밥을 주는 곳
공기밥 추가도 그 비용없이 주는 곳
클래식함이 어우러져 더 맛이 나는 곳
황태 된장찌개
두부, 애호박, 파, 황태 등등..
그냥 닥추!!!
50m
© NAVER Corp.
원조전주콩나물해장국
충청북도 청주시 상당구 무심동로 388",로컬 맛집 황태 된장찌개
71,"제 입맛에 최고!!!
옛날 창원에서 먹던 그 국밥의 추억 !!
오늘도 이렇게 배달로 점심을 …
든든한 하루 되세요~~
부산할매수육국밥냉면 충북대점
충청북도 청주시 서원구 1순환로 669",사창동 부산할머니돼지국밥
72,"피자 토핑이 어마어마 ~~
한판 싸아악!!!
청담피자 봉명점
충청북도 청주시 흥덕구 천석로77번길 8 1층",청담피자 토핑이 아주 ~~ 푸짐!!
73,"충북대 서브웨이 딜리버리
배달비 4,500
요즘 배달비 많이 나오면 그냥 패스하는데…
울 알바님께서 다어트식단을 위해…",서브웨이
74,"청주시청에 공개중인
청주 상당구 모범음식점 현황입니다
청주 지역 여행 혹은 방문계획이 있는 회원님들께서는
참고하시기 바랍니다
충주시닷컴
출처 : 충주시청
상당구
모범업소현황 상당구 - 업소명, 소재지(도로명), 전화번호, 업태, 주된음식을 안내합니다.
업소명
소재지(도로명)
전화번호
업태
주된음식
남다른감자탕용암점
충청북도 청주시 상당구 1순환로 1251, 1층 (용암동)
043 -298 -2110
한식
감자탕
천리향
충청북도 청주시 상당구 1순환로1514번길 31 (용정동)
043- 288-9600
중식
자장면, 탕수육
청송통닭
충청북도 청주시 상당구 남사로 116 (남문로2가)
043- 255-6536
한식
튀김통닭, 삼계탕
상주올갱이집
충청북도 청주시 상당구 남사로93번길 17 (서문동)
043- 256-7928
한식
올갱이국
돈버거하우스
충청북도 청주시 상당구 남일면 고은길 20
043 -297 -4900
경양식
양파링돈까스, 치즈돈까스
한우일번지
충청북도 청주시 상당구 남일면 고은두산로 29 (지상1,2층)
043 -292 -1238
한식
특수모듬구이, 야채불고기, 설렁탕
효자촌묵집
충청북도 청주시 상당구 남일면 단재로 469 (지상1,2층)
043- 297-3768
한식
묵밥, 보리밥
우림칼국수(효촌점)
충청북도 청주시 상당구 남일면 단재로 523
043 -285 -8986
한식
해물칼국수, 수육
랑성유황오리
충청북도 청주시 상당구 낭성면 관정1길 10
043 -285 -6767
한식
유황오리두(豆)룽지백숙, 유황오리주물럭부추구이
오소담
충청북도 청주시 상당구 낭성면 지산나박실길 4
043- 221-7330
한식
두부정식
꽃게주는보리밥명암점
충청북도 청주시 상당구 명암로 30 (용담동, 3층)
한식
보리밥
인더키친
충청북도 청주시 상당구 명암로 30, 2층 (용담동)
043 -287 -8900
경양식
스테이크, 파스타
마중가는길
충청북도 청주시 상당구 문의면 대청호반로 845-5
043- 288-1259
한식
한정식
청풍미가
충청북도 청주시 상당구 문의면 문의시내2길 9-14
043 -287 -8805
한식
한정식
나루터곰탕
충청북도 청주시 상당구 문의면 미천고은로 73
043 -284 -3700
한식
한우곰탕, 한우수육
피자헛금천광장점
충청북도 청주시 상당구 산성로98번길 8-1, 1층 (금천동)
043 -285 -1598
경양식
피자, 파스타
바우골
충청북도 청주시 상당구 상당로143번길 34-2 (북문로3가, 1층)
043- 256-2392
한식
염소탕
중국집대성
충청북도 청주시 상당구 쇠내로 90, 1층 (금천동)
043 -223 -8383
중식
짬뽕,짜장면
두메산골
충청북도 청주시 상당구 영운천로 157 (용정동)
043 - 298-5566
한식
자연산버섯찌개
대구왕뽈때기
충청북도 청주시 상당구 영운천로 181 (용정동)
043 -287 -7600
한식
대구뽈찜
철홍
충청북도 청주시 상당구 용담로 7, 상가동 131호 (문화동, 센트럴칸타빌)
010-7115-0042
중식
짬뽕,짜장면
참살이 오리 전문점
충청북도 청주시 상당구 용암북로 124-1 (용암동, 1층)
043 -287 -5233
한식
오리구이(오리백숙)
봉용불고기용암점
충청북도 청주시 상당구 용암북로 130-1, 2층 (용암동)
043 -285 -8125
한식
삼겹살
광수생각춘천닭갈비
충청북도 청주시 상당구 용암북로138번길 29-2 (용암동,(1층))
043 -286 -7795
한식
닭갈비
활력추어탕
충청북도 청주시 상당구 월평로184번길 106 (용암동)
043- 294-1020
한식
추어탕
상하이 객잔 용암점
충청북도 청주시 상당구 월평로184번길 148 (용암동)
043-283-5588
중식
탕수육
길성이본점
충청북도 청주시 상당구 이정골로 13 (용정동, 2층)
043 -296 -7777
한식
닭백숙
항아리보쌈
충청북도 청주시 상당구 중고개로 297 (금천동)
043 -2211-008
한식
보쌈, 족발
오돈생고기
충청북도 청주시 상당구 중고개로125번길 9-2, 1층 (용암동)
043-293-9634
한식
삼겹살
육이
충청북도 청주시 상당구 중고개로141번길 13-10, 1층 107,108호 (용암동)
010 -3203-5862
한식
수원 우갈비
짬뽕지존동남지구점
충청북도 청주시 상당구 중고개로141번길 13-12, 1층 104,105호 (용암동)
043-283-5161
중식
짬뽕,짜장면
놀부보쌈과 순두부
충청북도 청주시 상당구 중흥로 42 (용암동)
043 - 293-8383
한식
보쌈
만두품은칼국수
충청북도 청주시 상당구 꽃산동로 45 (금천동, 뉴타운@A동상가104호)
010 -6667-2677
한식
칼국수,만두
용용생고기
충청북도 청주시 상당구 대성로 88, 1층 (문화동)
043 -223 -2400
한식
삼겹살
위대한보쌈(금천.용암점)
충청북도 청주시 상당구 쇠내로 88, 1층 102호 (금천동)
043 -222 -6900
한식
보쌈,족발
한양화로 동남점
충청북도 청주시 상당구 중고개로141번길 13-20, 허브프라자 2층 201,201-1호 (용암동)
한식
소고기
표가네명품순두부동남점
충청북도 청주시 상당구 중고개로141번길 20, 103,104,105호 (용암동)
010 -4042-9062
한식
순두부찌개",청주 상당구 모범업소(음식점)
75,"재생
35

만복이
우동사리 추가해서 먹었던분 누군가요?
진짜 먹잘알입니다👍🏻👍🏻👍🏻
50m
© NAVER Corp.
만복이쭈꾸미낙지볶음 충주점
충청북도 충주시 안림로 161",쭈꾸미는 역시
76,"쭈꾸미비빔밥 맛있네요 불맛도 강하고 들깨칼국수 존맛탱
날씨도 춥고 감기조심들하세요",청주상당산성 맛집이네요
77,"런치 츠마미 3장 투척해 보아요 ~~~
스시 니기리와 츠마미는 15종 이상 더 있었지만 요리하는 도중에 간단하게 3가지만 찍어봤어요 ~
질기지 않는 저온 숙성을 통한 식감이 최곱니다.
고객님도 만족하게 즐거운 식사 자리를 하셨습니다 ~ ^^
50m
© NAVER Corp.
스시서울
충청북도 청주시 서원구 예체로1번길 20 1층 스시서울",오늘 런치 츠마미 청주오마카세 스시서울
78,"얼마 전 아가씨 생일이라 가족모임 다녀왔는데요~~
시아버지가 따뜻한 전골 드시고 싶다하여 ㅎㅎ 블로그 뒤지다가 율량동 맛집 발견했어요!!!
저희는 모듬수육 전골 먹고왔는데요~ 아롱사태,스지 잡내 1도 없이 넘 쫄깃하고 부드럽더라구요 ㅎㅎㅎ
담에 소꼬리 수육전골도 먹으러 가보려구요! 미리 예약하시는 거 추천드립니다^^ 룸으로 안내해주세요~
사장님 내외분이 하시는 가게인데, 숨은 맛집이에요 국물도 직접 한약재 넣고 끓이신거라네요~ 강추요 ㅎㅎㅎ
전주명가
충청북도 청주시 청원구 율량로190번길 53 Beee빌딩 2층 207호 전주명가
예약",율량동 전주명가 모듬수육전골 대박!!!!
79,"제 최애맛집이거든요~~
반찬 깍두가 넣고 끓여서 익힌 무 올려먹으면 세상 맛있어요~~",청주 닭발 다 아시죠~?
80,"20여 종류 넘게 런치. 디너 나와요~
기념일. 데이트코스 맛집으로 대세중에 대세!!!
후회없는 선택이 되실듯…
50m
© NAVER Corp.
스시서울
충청북도 청주시 서원구 예체로1번길 20 1층 스시서울
#청주오마카세 #개신동맛집 #모충동맛집 #청주데이트",청주 오마카세 스시 초밥 맛집
81,"청주 개신동 모충동사이에 위치한 숙성이 잘된 맛집으로 등극 될 신상 스시 오마카세
충북대 병원 오거리에서 모충동 넘어가는 언덕 방통대 건너편 골목 뒷편에 위치 맛집 삘~~~
아나고 바다장어
매장에서 직접 내린 장어 데리소스의 조합
고등어 봉초밥
마끼와 유자 체스트로 고등어의 특유의 비릿함을 잡음
보리새우
단백함의 첫 맛과 끝으로 우러나오는 단맛
이까 갑오징어
찰떡같은 식감의 극치 입안 가득 쫄깃함.
니싱 청어
전처리를 통한 생선의 숙성을 통한 히까리모의 기름진 맛 이 맛에 빠지면 헤어나올 수 없죠.
부리 방어 뱃살
기름꽉찬 시기 지금 제일 맛있을 때
미소
심심한 맛에 깔끔함 스시를 시작하기에 딱 적당
자연산 대하
거대한 사이즈 소스와 새우의 단맛의 극치
사바 고등어
거부감 없는 시큼함에 비린없는 적당한 밸런스
50m
© NAVER Corp.
스시서울
충청북도 청주시 서원구 예체로1번길 20 1층 스시서울
충북 청주시 서원구 개신동 438-113 1층 스시서울
전화번호 : 0507-1377-5091
런치 1부 12:00 1인 60,
2부 13:30
디너 1부 18:30 1인 100,
2부 20:30
100% 예약제
데이트, 기념일 장소로 고급스런 일식 코스를 셰프님이
앞에서 직접 만드는 모습도 체험 할 수 있어 신기한 맛집
개신동이나 모충동 근처에 계시는 분이라면 맛집 검색해보시고 많은 정보 얻고 찾아보시길
초밥이나 숙성된 스시 고급 정갈한 일식 요리의 맛을 즐기고 싶은 분에게 추천 드립니다.",숙성 맛집 신상 오마카세
82,"생선구이가 나오기전 기다리는 시간에
셀프바를 이용하여 밑반찬등을
먹을 수 있어서 좋았네요^^","생선구이 끝판왕 ""달빛에 구운 고등어 분평점"""
83,"타코먹고싶을때마다 가요~
충주에도 추천해줄만한 타코집이 있나요??
타코먹고싶네요 ㅎㅎ",청주 타코맛집 스탠다드
84,"청주 볼일있어 갔다 우연히 들린 브런치 맛집입니당
쑥라떼는 제 입에는 조금 달더라구요~
눈 많이오기전에 돌아왔는데 오늘은 충주가 눈이 더 많이오는것 같네요~
다들 눈피해 없으시길...",청주 브런치맛집 페로어페로
85,"청주 사창동 휘낭시에 맛집 마쿠마쿠 입니다
사장님도 친절하시고 휘낭시에가 정말 맛있어요
저만 알고 싶은 맛집인데.. 공유해 봅니다!!
휘낭시에 종류 별로 다 먹어봤는데
정말 하나같이 다 맛있어요
에그타르트도 한맛 한답니다",나만알고싶은 휘낭시에 맛집
86,"청주에 볼일 있어서 갔다가 찾은 맛집입니다
사창동에 있는 수제비집인데 들깨 얼큰 감자 수제비와 해물파전만 팔아요
해물파전이 두툼하고 바삭하게 튀겨져 나와 맛있었어요
밀방!! 추천이요~",청주 들깨수제비 맛집
87,"며칠 전 친한 지인들과 모임이 있어 봉명동에서 가성비 좋기로 입소문난 청주 맛집에 다녀왔어요.
참숯, 볏짚으로 훈연한 통삼겹과 비법 레시피 양념장으로 맛을 낸 쫄면 그리고 신선한 해물과 숙주 우삼겹의 훌륭한 맛에 잔뜩 반하고 왔던 곳이라 소개해요.
다녀온 청주 맛집은 봉명 아이파크 근처에 자리잡고 있었어요.
건물 정면에 황금색으로 된 상호 간판이 크게 걸려 있어 어렵지 않게 찾았고 매장 앞 전용 주차공간이 널널해 주차도 편리했어요.
청주 맛집 내부로 들어가니 홀은 생각보다 널찍했고 층고도 높아 쾌적함이 느껴졌어요.
테이블들은 넓은 사이 공간을 두고 배열되어 있었고 좌석 수도 많은 편이라 원하는 자리에 골라 앉을 수 있었어요.
자리부터 골라 앉은 뒤 메뉴판을 정독하고 청주 맛집에 여러 세트메뉴 가운데 삼겹살, 쫄면, 해물과 숙주 우삼겹 그리고 다양한 스끼가 포함된 회장님 세트로 주문했어요.
잠시 기다리니 새우장, 양념게장, 타코, 함박스테이크, 동그랑땡, 만두국 등등 수준 높은 스끼들부터 차려주셨답니다.
삼겹살은 초벌실에서 볏집과 참숯을 이용해 강한 화력으로 초벌을 해서 주시는데 홀 한 쪽에 초벌실이 있어 이 과정을 모두 직접 지켜볼 수 있으니 흥미롭더라고요.
초벌되어 나온 청주 맛집 삼겹살은 한입 크기로 썰어서 나오는데 직원분께서 직접 미리 달궈둔 불판에 올려 구워주셨어요.
어느정도 익은 후에는 치즈까지 넉넉하게 뿌려주셔서 꼬소한 향내가 후각을 자극했어요.
다 익은 삼겹살은 고사리, 파김치, 타코 등 다양한 스끼들과 번갈아가며 맛볼 수 있어 다채롭게 즐길 수 있었답니다.
특히 타코에 싸 먹는 방법이 이색적이기도 했고 타코 특유의 강렬한 향이 느끼함을 꽉 잡아주는 느낌이라 무척이나 만족스러웠죠.
쫄면은 접시 테두리 쪽에 아롱사태와 오징어숙회를 같이 내주셨는데 양이 워낙 푸짐해 청주 맛집 사징님의 후한 인심이 돋보였어요.
쫄면과 함께 제공해주신 일회용 비닐장갑을 끼고 4가지 야채와 특제 양념장을 골고루 섞어가며 손으로 열심히 비벼줬답니다.
이윽고 바로 젓가락으로 맛보니 새콤달콤한 양념 맛이 일품이었고 아롱사태와 오징어숙회를 곁들여서 같이 먹으니 꿀맛이 따로 없더라고요.
삼겹살을 다 먹고 난 후에는 해물과 숙주 우삼겹을 내주셔서 곧장 불판에 올려 구워줬어요.
가장 먼저 익었던 키조개 관자는 야들야들 보드라운 맛이 좋았고 새우는 내장을 뺀 상태로 제공해주셔서 먹기가 너무 편했어요.
청주 맛집 전복은 신선도가 좋아 비린냄새 하나 나지 않고 담백했으며 숙주 우삼겹은 아삭한 식감과 담백한 우삼겹의 조화가 좋아 먹는 내내 감탄할 수 밖에 없었어요.
50m
© NAVER Corp.
돈드림
충청북도 청주시 흥덕구 덕암로114번길 59 1층
돈드림
주소 : 충북 청주시 흥덕구 덕암로114번길 57
전화번호 : 043-222-9282
영업시간 : 매일 16:00 - 03:00",반해버린 청주 맛집
88,제가 짬뽕을 좋아하는데 맛집 알려주셔요오오오 ㅎㅎㅎ,"맛집 알려주셔요,,ㅎㅎ"
89,,오송 베트남 맛집 다낭
90,"청주 놀러갔다왔는데요 ㅎㅎㅎ
점심에 식사하고 블루체어 라운지 다녀왔습니당
카페가 엄청크고 넓고 애기들 데리고 가기에도
아주 좋을 것 같아요~ 청주 가시게 된다면 한번 들러보세용 ㅎㅎㅎ",청주 블루체어 라운지!!
91,아흐레 카페 좋아요~,카페
92,"청주 김안과 방문 차,
근처 골목 카페 들어갔는데
휘낭시에 진짜 맛집인거있죠....
아빠가 원래 디저트 맛있다고 잘 안하는데 디저트는 물론 커피까지 맛집이였다고하면
정말 추천드릴 수 있는 카페 같아요",휘낭시에 맛집
93,"청주 신가향이라고하는 알짬뽕집인데
정말 맛나요.. 점심장사만하고 쫀득하고 담백한 알짬뽕 이었습니다!",알짬뽕맛집!
94,"정육식당으로 저렴한 가격으로 질좋은 한우를 먹을 수 있는 곳‼️
육회비빔밥이 정말 맛있어서 감탄사가 나왔던 곳❤️
시장 안에 위치하고 있어서 정겨움까지 느낄 수 있었던 청주 맛집 북일곰탕👍
북일곰탕
청주시 청원구 향군로 41번길 11-7
50m
© NAVER Corp.
북일곰탕
충청북도 청주시 청원구 향군로41번길 11-7",[청주 맛집] 육회비빔밥으로 유명한 북일곰탕
95,"여름 휴가때 지나가며 들렸던 청주 까베 트리브링이에요~~
사진은 예쁘게 못 찍었지만 매장이 넓고 커피가 맛있었던 곳
시간되면 한번 다녀와 보세요~~",트리브링
96,"청주에 위치한 화이트크리스마스 라는 파인다이닝입니다.
결혼기념일에 방문한 곳인데 와이프가 너무 만족해해서 저도 참 행복했어요 👍👍
본디 충주 mbc 근처에서 영업을 시작하셨다고 하는데, 청주로 옮긴지 몇 년 안되셨다고 해요.
정통 파인다이닝 선구자라고 하시는데 디테일은 모르겠습니다. ㅎㅎ
50m
© NAVER Corp.
화이트크리스마스 파인다이닝
충청북도 청주시 흥덕구 비하로42번길 2
예약
토일 12시 ~ 22시
화~금 17시30분 ~ 22시
매주 월요일 정기휴무
연락처 : 043-287-1225
11만원부터 32만원까지 퀄리티있는 코스요리를 즐기실 수 있어요 ㅎㅎ
고대 프랑스풍 인테리어와 그에 걸맞는 코스요리가 특징이었고요.
샤토브리앙 안심스테이크가 전 코스메뉴에 들어있어서 가성비있게 식사도 가능하세요 ㅎㅎ
코스별로 시간은 1시간 ~ 3시간 정도 걸린다고 하네요 ㅎㅎ
그린빈 수프부터 바질샤베트까지 너무 맛있게 먹었고요 ㅎㅎ
미디움레어의 샤토브리앙도 최고였습니다 ㅎㅎ
기념일에 걸맞는 퀄리티 있는 음식과 분위기를 선사해주셔서 너무 행복한 결혼기념일이었습니다 ^-^",[청주맛집] 화이트크리스마스 파인다이닝 기념일 방문 필수!
97,"청주에 올일 이 있어 오늘 점심식사한 식당과 그 옆에 에 있는 에스프레소 바 카페입니다.
보리밥 집은 된장찌개가 맛있고, 에스프레소 카페는 서서 마시는 바 에요!",청주 보리밥 식당 그 옆 에스프레소 바
98,"항상 가서 사오기만 해서 오늘 배달 처음으로 시켜봤는데
서비스도 너무 좋고 맛도 진짜 맛있는 거 같아요
먹다보니 하나 남은 거 찍었어요 ㅜㅜ
타코야끼 14알이랑 알감자 콜라 세트로 시켰는데
한 상자가 더 왔네요 사장님 남는 거 있으신지요 ..
꼭 먹어보세요 위치는 영진마트쪽으로 바로 보여요 !",이모네 타코야끼
99,"볼일보러 청주갔다가 우연히 시간이 떠서 들어간 까페예요.
들어가보니 타르트 맛집이더라구요.
근데 가게이름을 모르겠어요...
사진은 이쁘게 나왔어요ㅋ",청주 타르트 맛집~♡
100,,"어라생선구이(1인 12,000원)"
101,"맛있는 떡볶이 먹었어요
보통맛인데 맵네요
주문한거 끓이기만ㅎ
맛있네요👍
밀키트에요
혹시 몰라 구매처 남겨요
https://m.smartstore.naver.com/jih2436/products/6627501047?#DEFAULT
국물 밀떡 즉석 어묵 옛날떡볶이 밀키트 맛에 반하는시간 3초떡볶이 3+3팩 (보통/매운맛) 10가지 분식모음 : 먹자
국물 밀떡 즉석 어묵 옛날떡볶이 밀키트 맛에 반하는시간 3초떡볶이 3+3팩 (보통/매운맛) 10가지 분식모음
m.smartstore.naver.com",떡볶이~
102,"마트장보김에
간단히
식사
휴무일
대충
먹고있어요^^",간단히 점심먹기....마트표초밥
103,"장조림 버터 계란밥 해보았어요
버터+밥+장조림 볶고, 스크램블에그 해서 먹었어요😊
장조림에 청양고추 넣었더니
버터의 느끼함을 잘 잡아주네요
후식은 미에로화이바!
어릴 때 마시던건데 오랜만에 사보았어요🤣
다들 점심식사 맛있게 드세요😍
올려달라는 하신 댓글보고 약속지킵니다~!",장조림버터계란밥🍖🧈
104,"오징어 한마리 있는걸로~~덮밥해서 먹어요ㅎㅎ
쓱쓱~~~매콤하고~맛있어요🤤🤤",오징어덮밥🦑🍚
105,"어제 빈대떡 사진보고ㅋ먹고싶어서
늦은점심으로 신랑이 해준 파전에 막걸리 먹어요ㅋ
애기들은ㅋ 둘째가 아파서 전복죽해줬어용
낮술 오랫만이라 아주 간단하게 먹어요^^",늦은점심먹어요^^
106,"빵 데우고 커피 내려서 대충 ㅋㅋ
모두 맛점하셔용~😋",메뉴 고민하다~ㅋㅋ
107,"귀찮아서~~라면 먹어요ㅎㅎ
고추가 없어서..패쓰 했더니 허전하네요🤣🤣
그래도 맛있어요🤤🤤",만두라면🥟🍜
108,"제맘대로 이름지어줬어요😆😆
맛점 하세요😍",해바라기 김치볶음밥🍛
109,"회사 점심회식으로 아웃백에 갔어요~!
오랜만에 가니까 더맛있더라구요 ㅎㅎ
다들 뭐 드셨나요??",오늘은 아웃백!!
110,"혼자 먹지만..
닭가슴살 양파 파프리카 썰어 냉채무치고,
연근데쳐 흑임자소스 만들어 무치고,
무말랭이 무침이랑 김 꺼내어
반찬이랑 과일도 칸칸 채워서,
잡곡밥에 미역국 한그릇 뚝딱 해치웠네요~😋
비가 며칠 내리니 추워요~ 🧦 양말 필수",밥.국.반찬.과일
111,"오늘 점심은 김치만두 쪄서 먹었어요✌🏻
저번에 한번 사먹어봤는데
입맛에 맞아서 재구매 했어요ㅎㅎ
대기업 이라 맛있네요😆
점심은 간단히 먹었고
저녁엔 더 맛있는거 먹어야겠어요~!
아까 먹었는데 이제 올리네요ㅎㅎ",만두🥟
112,"아들이 어제갑자기열이나서
오늘도땡땡이~ ㅎㅎ
남의편도일찍퇴근하고 엄마랑다같이
""홍가네바지락칼국수""왓어요~
쑥바지락
검은콩 냉콩국수
바로 위잉~~~갈아주셔서 넘좋아요
고소하고 비린맛1도없고!👍🏻
바지락도 해감이잘되잇어서 좋더라구여~
이걸보고 맞추신 귤님최고😍😍😍",비오는날은 역시칼국수😆🍜
113,"유명한 어식당가서 꼬막육전비빔밥을 먹습니다~
둘이서 먹기딱좋드라구요~양도많고 주문한지 얼마
안되서 금방나오드라구요~저희갔을때도 테이블이
좀있었는데 조금지나니까 금방차드라구요~포장도
많고요~아직안가보신분 꼭가보시구요~꼬막비빔밥강추예요~^^",오늘점심정답은~~
114,이집은 어디일까요?? 아시는분은 아실듯~🤭🤭,요긴어딜까요~??
115,"2차전은
감자수제비에 김치전😍😍",점심 2차전🤤🤤
116,"오늘은 친구들과 집에서점심을👍🏻
우삼겹파스타
감자전
만두
감자튀김
후식으로. 탕후로🍡",팅구들이 놀러와서 ~
117,"이른점심 먹어요.
쉬엄쉬엄 오다보니
아직 갈길이 제법 남아있어서
점심 든든히 먹고
러블리수님
어릴적 사진 공개하려는데 괜찮겠죠?
저녁때는 나르샤님 어릴적사진 공개해볼까요?",청송에서 점심 먹어요.
118,"어제 밤부터 오늘은 양배추쌈에 남은 밑반찬들 먹어야지 생각했는데
아점으로 라면 끓여 먹어요~ㅎ
떡도 넣도 청양 고추랑 고춧가루도 넣고
비오고 흐린날이라 땡기네요
모두 맛점하세요^^",라면~
119,"주말에 먹은 옛날육개장집의 육개장입니다.
오늘 비도오고 하니 얼큰한 육개장에 막걸리가 또 생각나네요~",옛날육개장집
120,"쭈꾸미 샤브할때 산 야채들~싹다 넣고 기업만두넣고 담백하게 만두전골 끓였어요~~노력에비해서 넘치게 훌륭한 요리가 되었어요~이제 배도 부르고 행복합니다..이기분 달달한 믹스커피 한잔으로 이어갈께요~~
오후시간도 행복하세요~^^",만두전골~
121,"오전부터 바빠서 이제 먹네요~~
남은 오후도 화이팅!!!
아직 낮엔 뜨거워서 뚜껑이 열릴듯해요🤣🤣🤣",간단히~🥟🍜
122,"카페 통해 알게된 맛집😋
신랑이랑 오늘은 선지해장국 두 그릇에 비빔냉면도 먹고 용기도 챙겨가서 포장도 해왔어요ㅎㅎ
점심 맛있게 드세요^^♡",산꼴해장국^^
123,"친구집에놀러와서
밥얻어먹었어요🤤
친구야 점심은모야?🤣🤣🤣🤣🤣",남이해준밥😍
124,"저는
덩어리가 좋더라구요 ㅎ
늦은 점심 먹어요~",라면에 계란 완전히 풀어서 드시나요?
125,"고속도로 휴게소 감자 다들 아시죠?
전 감자를 넘 좋아해서 집에서도 이렇게 만들어 먹습니다.
어릴 때 숟가락으로 감자 껍질 까놓으면
엄마가 떼굴떼굴 굴려주셔서 떼굴감자라고 부릅니다ㅎㅎ
살짝 물릴 땐 고추장도 쓱~
일주일동안 감자만 먹으래도 먹을 수 있을 것 같아요ㅎㅎ",떼굴떼굴 감자
126,"간단하게 점심먹어요~
맛점하세요😆",내꺼랑🥟니꺼🍚
127,"아버지가 요즘 사과장사 하는거
도와줘서 고맙다고
점심 짬뽕 간짜장 사주셨어요
여기는 엄마.아부지가 좋아하시는 중국집이구요
어르신들이 좋아하시는 맛집
자극적이지도 않고
면도 부들부들하니 소화도 잘되고
심심하니 옛날분들 좋아하실맛
저 소화잘안되서 짜장면 안좋아 하는데
여기는 부담 없어서 좋아요
그래서 어르신분들도 많이 오시는거 같아요
잘먹고 갑니다 😊",숨은맛집
128,"미협 회원들과 점심을 먹습니다.^^
저는 비빔국수를 맛보게 되었는데...매지나 읺을까 걱정입니다.^^
그래도..맛나게 먹고 갈께요.^^",국수를 먹습니다.^^
129,"점심으로 꼬막짬뽕 시켜서 먹어요~~
어제도 중국집 오늘도 중국집🤤🤤
매일 먹어도 맛있네요ㅎㅎ
휑~~하게 보여도~ 건더기 많아요🍜",오늘도 배달음식🛵
130,식후 디저트로 먹습니다,사과 감자 샐러드
131,"국수나무 배달음식으로😆
맛점하세요😍",아침겸점심
132,"늦은 점심 먹어요
홍콩반점 고기짬뽕 고기짜장 고기짬뽕밥이에요
춘권은 서비스 맛있네요 사진에는 짬뽕국물이 많아 보이지만 건더기도 속에 많이 있네요 저는 고기 짜장이 맛있어요 고기도 많이 있고 기름없는 살코기로 들어있어요 짬뽕에도 고기가 많아서 좋아요 다음에 또 시켜 먹을꺼에요 최고 맛집이에요😍😄🤣",홍콩반점💕
133,"크림치즈소스뿌리고 가쓰오부시 올렸어요
데리야키소스는 찍어먹어요ㅎㅎ
맛있네요👍👍",타코야키 먹어요ㅎ
134,"운동회 끝나고~~
점심으로 중국집 배달시켰어요ㅎㅎ
오랜만에 간짜장 먹어요🤤🤤
간짜장🍜
탕수육",점심으로 배달음식🛵
135,"결혼식 끝나고 이제야 밥먹어요😭
한접시 가득가득~
축가는 엠투엠 최아인님😍",한접시가득~
136,"이 토스트안의 달걀 비결이 뭘까요?
우유?버터?를 넣어도 집에선 이렇게 안되던데..
촉촉하고 부들부들 정말 맛나요~~
네살도 하나 다먹는 토스트라 한끼 편히 해결합니다😁😁",이거 비결이 뭘까요?
137,"우륵문화제 보러 가기전 칼국수랑 감자전 먹으러 왔어요^^
전체적으로 간이 슴슴해서 좋고 양도 너무 많아요^^
반찬들도 맛있고 특히 감자전이 쫄깃 바삭해서 너무 맛있게 잘 먹었습니다^^
좋은 주말 보내세요♡",옹골찬 옹심이 칼국수
138,"잘안사먹는 스탈인데ㅜㅜ
집에 못들어갔으니 배가고파
검색해보다가 먹었어요
가성비 최고네요
자주 먹어봐야겠어요",오늘 점심은 한솥도시락 먹었어요
139,"용산동에 신라집이라고 있어요~오늘 점심에먹은
주물럭~반찬도 맛있고 주물럭도 맛나요~
2인부터가능~공기밥별도 1인12000원이예요
청국장도 같이나오는데 청국장도 맛나요~
반찬도직접다 만드셔요~집에서 먹는거 같은맛",충주맛집 신라집~
140,"아침일찍부터 애들 원에 보내고ㅋ
부지런히 장봐다 만두만들었어요
카페에 만두올라오는거 보고
참느냐 힘들었네용ㅋㅋ
만두쩌서 오늘 점심은
육개장 사발면 이랑 먹어요^^
다들 맛점 하세영ㅋㅋ",김치만두 만들었어용ㅋ
141,"콩나물
김치
오징어볶음
이거못참지
밥추가
비벼비벼
너무맛있어요♡
국물도
끝내주고
비빔국수도
시어머니가
해준맘이랑비슷
고추장차이빼고
비슷♡
맛있어요♡
신랑도
야무지게먹네요
맛난점심 드세요♡♡",짱실장 추천 무슨말인지 알꺼같아요
142,"요 며칠 날씨가 너무 좋아서 매일 산책하고 집안일을 빡시게 했더니 어제부터 목감기가 심하게 왔네요..ㅠㅠ
입맛도 없고 밥 하는것도 힘들어 배달의 힘을 빌려서 아점 먹어요..
환절기에 감기 조심하세요^^",58식당 돼지고기 김치찌개♡
143,"요즘 뭘 먹어야할지 잘 모르겠어요
도시락을 챙겨다녀야하는데 입맛이 없네요
다들 입맛없으실때 주로 뭘 드시나요??",요즘 점심챙기는게 힘드네용 ㅠㅠ
144,"늦은 점심을먹어요~
라쿵푸마라탕
1단계2단계
점심때라 자극적이지않게~~
요기처음인데 간이좀쎄네요~
맛잇게 먹어보겠습니다🤭",마라탕뿌시깅
145,"오랜만에 뜨끈한 만두국 생각나서 남편이랑 갔어요. 남편은 칼국수, 전 만두국..
만두국도 맛있지만 겉절이 김치가..👍
아직 햇빛은 따가운데 뜨끈한 국물이 생각나네요. ㅎ",만두국..어디일까~~요??🤤
146,"에프에 구웠는데 접시 씻기 귀차나성
요대로 먹어요 ㅋㅋ
이따 야시장 가야징ㅋㅋㅋ",만두🥟
147,"몸보신 추어탕 맛집 입니다
돌솥밥 추어탕 뜨근하니 좋으네요
반찬은 김치 깍두기 된장고추 소면 다진마늘 다진고추 돌솥밥에 누룽지까지 몸보신 제대로 입니다 충주에 송담추어탕 여러군데 있는거 같은데 전 여기가 좋으네요 모두 즐거운 오후 되세요😍😄😆",송담추어탕 연수점
148,"오늘도
정담쌈밥집에서
쌈을
야무지게
먹고왔어요♡
우렁쌈
제육쌈
소불고기쌈
오삼쌈
돼지불고기쌈
열심히먹고
맛난빵만들기♡
즐거운점심되세요",요즘 쌈채소를 먹어요^^야무지게 점심
149,"불고기용을 구입했는데 마블링이 좋아서
그냥 꾸웠어요ㅋㅋ
소금만 뿌리고 구웠는데도 고소하고 야들야들
좋네요ㅎㅎ 오늘 아점도 든든합니다👍",불고기구이입니다ㅎ
150,"어제 벽난로님 게실글 보고 오늘은 저와 친분이 있는 서충주
토리헤어 원장님과 아점으로 비불차에서 아점~~~",오늘 아점 비불차~~
151,"오전내내 뒹굴거리다가
짜장면으로 점심먹어요 ~~
후식으로 아아까지 ~~~~
배부르게 잘먹었네요 ㅋㅋㅋㅋ",늦은점심은??
152,쫄깃하고 맛있어요,순대 뎁혀 먹음
153,"계란후라이 베이컨 넣어 토스트만들었어요
저는 야채빼고요🤣
간식으로 좋네요👍👍",토스토먹어요ㅎ
154,"원래 최근에 먹은지 얼마 안된 메뉴는
또 안먹는편인데 이번엔 희한하게 또 끌려서
배달시켜먹었네요ㅎㅎㅎ
불과 3-4일전에 먹은 것 같은데ㅎㅎ
아무튼 맛나게 잘 먹었습니다~!
먹고 살것도 있어서 산책할겸 30분 정도
걷다오니 소화도 되고 좋네요👍
남은 하루도 좋은 하루 보내세요🖐️",떡튀순🍡
155,"공방 인근에서 작업을 하시는 선생님의 생신이셔서..짬뽕 초대를 받았습니다.^^
매워서..잘..못 먹지만...찬밥 더운 밥 가릴때가 아니어서...맛나게..땀 흘리며..먹겠습니다.^^
ㅎㅎㅎㅎㅎㅎ",점심을 먹어요.^^
156,"오늘 점심은 아니고 토요일 남편 점심입니다.^^
주말에는 여섯끼를 해먹잖아요..
점심은 간단하게 먹는게 좋아요~~",비빔국수입니다.
157,"국수 맛집이 있었네요.
저는 처음 가본곳이였는데 ᆢ
옛날 주택인데 반찬도 깔끔하고
맛있게 잘먹어서 자주 찾을것 같아요.
국수 좋아하신다면ᆢ
발걸음 콩콩~~~해보세요.
비불차에서 점심을ᆢ
50m
© NAVER Corp.
비불차
충청북도 충주시 호암대로 91-1 비빔국수불쌈고기차돌된장찌개",오늘 점심은 국수
158,원조쌈밥 칠금점 맛있네요 고기주물럭과 우렁된장 쌈종류 대박에 반찬도 밥도 맛있게 먹었어요 점심시간에는 사람이 너무 많아서 예약 필수구요 저녁시간때는 좀 한가할까요??? 저는 점심때 다녀왔는데 사람은 많았지만 즐겁게 다녀왔어요 점심 맛있게 드세요😍😆😄,충주원조쌈밥
159,"동서네동네
수목원같은곳에
커피도
족욕도
식사도
힐링도
하는곳♡
시댁식구들과
즐거운주말♡
즐거운주말되세요
50m
© NAVER Corp.
산들소리
경기도 남양주시 불암산로59번길 48-31 산들소리
재생
4

남양주시)시댁식구와 핫플에 다녀옴",남양주시)시댁식구와 핫플에 다녀옴
160,뺑덕산더미오리로 점심해결,영양보충은 오리로~
161,이맛 장도볼겸 밥먹었어요~ ㅎ,점심은 밖에서🤭👏🏻
162,"딸래미가 좋아하는 마라탕.
남편과 저는 3단계, 딸아이는 1.5단계.
남편은 맛있다는데 전 죽겠네요..😵‍💫",점심은 마라탕~🍜
163,"오늘 점심은 바지락 칼국수에요~
남편이 맛있다고 데리고 온 곳. . ㅎ
전 이렇게 맑은 칼국수 보다는 찐한 장칼국수를 더 좋아하는 편인데 먹어보니 담백하니 맛있었어요 ㅎ
양이 해자스럽게 많아서 칼국수 먹다 왕 만두 먹다
배가 너무 부르네요 ㅎㅎ
원랜 커피 배 따로 있었는데 넘 배불러서 커피는 패쓰~~
식곤증이 밀려오네요😂
얼른 집에 들어가서 한숨 자고 싶어요 ㅋㅋㅋ
좋은 주말 보내세요😊",바지락 칼쿡수
164,"슬슬허기가돌아 두장꾸웠습니다ㅋㅋ
감자채 햄채 쒜낏쒜깃해서 구웠어요
맛납니다😆",감자전입니다👍
165,만두를 선택했어요~ㅎ,저도..점심을..
166,"어제 어느분이 만두 맛있다구 올리셨길래
먹구싶어서 남편한테 사달라구 했어요.
만두 많이 먹어봐서 아는데 고기 씹히는게
달라요~ 자극적이지 않으면서도
아주 맛있어요~",만두 진짜 맛있어요~
167,"유부초밥 으로 간단히 점심을
때웁나다
일요일 은 삼식세끼 주방을
내자리인양 떠나질 못하네요
가족이 오늘은 다들집에 있는관계로
우리님들 힘내세요 .~~",점심은 드셨나요 ?
168,"고구마 살짝 구워서 설탕 요리당 넣고 쫄였어요.
애들 탕후루 노랠 부르는데.
과일이 없어서 고구마로 대신.맛탕.ㅎㅎㅎ
아침.저녁은 쌀쌀하고 낮에는 덥네요~~
에어컨 틀고 싶은거 간신히 참고 있어요~
즐거운 점심 시간 되세요^^",간식으로 고구마 맛탕^^
169,"드디어 충주에 집을 보러갑니다^^
정확히는 아이학교와 유치원 위치를 살필 겸 여행 겸 가요
점심즈음 도착하지싶은데 충주방문은 첨이라
유치원생도 중학생도 부담없이 갈만한 식당 추천좀 부탁드려요",식당 추천 부탁드려요
170,"즐겁게 열심히 수업을 마무리 하고...어죽을 먹으러 왔습니다.^^
오늘도 혼자..먹지만...맛나게 먹고 가겠습니다.^^
ㅎㅎㅎㅎㅎ
좋은 오후 되시구요.^^",점심을 먹습니다.^^
171,"찌개를 좋아하지만 근처에 하는곳이없어서. 비슷한 짬뽕먹었습니다.
면은 안먹어서 밥시키려다.. 실수로 면을시켜 밥을 하나 더시켰어여 ㅋㅋ",맛있는 짬뽕 먹었습니다
172,"롯데마트에 왔는데
첫째가 배고프다고해서~어린이 돈까스 사줬어요!!
음료수도 같이 나와서~엄청 좋아해요😊😁
미소반상🍚
어린이 돈까스 7,000원",어린이돈까스🍴
173,"충주엔 없는 버거
오늘은 한우버거로 점심",버거로 점심
174,"점심 먹었습니다
배부릅니다
졸려유~~",삼겹살 목살 김치찜
175,"강금자 손수제비 먹었어요~
손으로 뚝뚝띠어서 쫀득쫀득
얼큰차돌수제비
고기가들어가서 짬뽕비슷비슷?ㅎ
자극적이지않고 국물이깔끔해서 자꾸들어가요
손수제비
일반적인 수제비맛~특별한건없엇어요
수제비는 쫀득쫀득👍🏻
현금결제시 1인당 천원할인도 되요
로봇이 배달해줍니다
50m
© NAVER Corp.
강금자손수제비
충청북도 충주시 야현3길 17 강금자손수제비
예약",손수제비
176,"배는 고픈데 먹고싶은게 없네요
집 반찬 남은거 비벼서 비빔밥을 해먹을까 고민중이에요~ㅎㅎ
다들 뭐드시나용",점심 아직도 고민중 ㅎㅎ 어떤거 드시나요?
177,"콩나물국밥 한그릇 먹어요
청양고추넣고 칼칼하게👏🏻",한그릇
178,아뿔사 칼국수는 안찍고 반찬만🤣🤣🤣🤣,점심에 비도오고 칼국수를 먹었는데
179,"비오는날에는~뜨끈한 칼국수가 땡겨요ㅎㅎ
점심으로 충주 평양칼국수 먹었어요🤤🤤
콩나물무침&겉절이🥬
맛보기 보리밥🍚
얼큰이칼국수🍜
칼국수🍜",비오는날은~칼국수🍜
180,"비가 많아 내리는 수요일 점심시간입니다.
공방에서 살살 걸어와서 맛있는 어죽을 먹어 봅니다.^^
비오는 날씨에는 딱..적당한 듯 하여..먹으러 왔습니다.^^
맛있게 먹고 갈께요.^^",어죽을 먹습니다.^^
181,"오늘 점심은 선지해장국 먹었어요ㅎㅎ
오랜만에 먹으니 맛있네요!
요구르트 도 하나 주셔서
어릴 때 중국집 시키면 하나씩 줬던
생각이 나네요ㅎㅎ😆
먹고 나서 집청소하느라 이제 올리네요✌🏻
이제 저녁메뉴 고민을 해봅니다..! 😍",선지해장국🥘
182,"오늘점심은~~맛있는거~가득 먹어요ㅎㅎ
맛있어서 계속 먹게되욤🤭🤭",오늘 점심은🍴
183,"오늘 이정동 묵밥집 가서 점심을 먹었습미닷 ㅎ
비는 오지만 살짝 찌는 느낌이어서
냉묵밥을 시켰지요 ^^
냉묵밥도 맛있었지만
어째 김이 더 맛있는 거죠 ?? ㅋㅋ
한 그릇 후르륵 하고나니 드는 생각..
“아 ~~ 사진을 안 찍었…“
그래도 맛있었습니다 ㅎㅎㅎㅎ
모두 맛점들 하셨나요 ?? ㅎㅎ",앜 사진을 못 찍었지만 ..오늘의 점심은 ?
184,"중원순대 들러서 한끼 해결하고 왔어요😋
아드님...깍두기 국물 넣어야 한데요ㅎㅎㅎ
왜케 웃긴지 🤣
배부르게 잘 먹고 왔어요😋
비가 내리는 하루네요~~ 🌂
안전운전하시고 좋은 하루 되세여~~😄",시장갔다가
185,"잔치국수 했는뎅
육수내기 귀찮아
라면스프로 그냥 했드니
비주얼이 벌거죽죽 좀 그러네요
맛은요?
그냥 그러네요
쏘쏘합니다 ㅎㅎㅎ ~~~",잔치국수
186,"점심은 권고집 만두전골 먹어요~
뜨끈뜨끈👍🏻
맛점하세요☺",뜨끈한 국물로~
187,"채소다뺀 치킨버거 정말맛나요ㅋㅋㅋ
든든해요👍👍
마요네즈 갈릭소스 사우전소스 뿌려봤어요ㅎㅎ",짬날때 후딱 요기합니다😁
188,"애들은 역시 가공식품을 좋아합니다..
한껏 정성드려 차린 식사보다 좋아라하네요😅
지금까지 사 본 가공치킨 중 가장 맛있긴해요.
가끔 먹는 건 괜찮겠죠?!^^",우동& 치킨샐러드
189,간식으로 먹습니다,단호박찜
190,떡볶이 냉면 쫄면김밥~🩵 맛나게 먹었어용~,오늘점심은 분식~
191,"돌솥콩나물비빔밥 먹어요~
오랫만에 먹으니 맛잇네요👍🏻🤭",거꾸로
192,청주 왔다가 한우짬뽕밥 먹고왓어용,청주맛집
193,"배꼽시계가 좀 늦게 울려서
이제 점심 먹어요~
비가 급 마니 오네용😱😱😱",밀키트우동~먹어요
194,"드디어 기다리던 처서가 와서..오랜만에 뜨거운 열라면으로
먹어봅니다~
바람이 좀 덥긴하지만 이번 비가 지나가면 추워지는거 아닐까요..^^",처서기념
195,"일본은 컵라면에 진심이네요..
이번에 여행갔다온 직원에게 받은 컵라면인데 맛있어영",오늘점심은 일본 컵라면
196,"크림치즈와 달콤갈릭소스 바른 햄 샌드위치요
든든하네요👍👍",아점으로 햄샌드위치 먹어용ㅎㅎ
197,"벌써 배고파요.
점심 맛있게 드시고
오후도 즐거운시간 되세요.",점심 먹어요.
198,"컨디션이 조금 안 좋아서
날씨는 덥지만 따뜻한 국물이 먹고 싶어서
우동 한 그릇 끓여 먹었어요^^!
냉동되어있는 거 샀는데
면이 쫄깃하고 부드러워서 맛있었어요ㅎㅎ
남편이 단무지무침 해놓은게 있어서
같이 먹으니 더 좋네요~
다들 즐거운 점심식사 되세요😆",우동🍜
199,"우연히 알게된 솥밥집인데 오늘 처음 방문을 했습니다~
11-15시가 영업시간으로 비교적 짧은데 예약하고 가니 10분정도 기다린 후 바로 먹을 수 있었어요ㅎㅎ
메뉴는 이렇고 솥밥 세가지랑 삼겹두루치기도 먹으려했으나 두루치기가 안된다고 해서 유린기로ㅠㅠ
담백하고 맛있더라구요~ 다만 저희 테이블에 간장이 없어서 모르고 그냥 담백한 맛에 먹다가 세숟가락 남았을때쯤 발견해서ㅠㅠ다른 빈 테이블 간장 가져와서 먹었지 뭐예요ㅠㅠ",포실다이닝 가보셨어요?
200,"막국수를 이렇게 많이 먹어본적 없는데ᆢ
올해는 막국수를 너무 자주 먹는듯ᆢ
만두가 넘 크네요.
오늘점심을 막국수로ᆢ
햇살이 뜨거운 오늘
점심식사 뭘 드셨나요?
저녁은 또 뭘 먹지요? ㅋㅋ",올해 막국수 몇번 드셨나요?
201,오늘 점심은 물냉면 이에요 다대기가 엄청나네요 시원하게 맛있게 먹었어요 점심 맛있게 드세요😄😆,점심 드세요
202,"무척...오랜만에 어죽을 먹는 듯 합니다.^^
늦고...혼자이지만...맛나게 먹고 가겠습니다.~~
남은 오후 시간도 힘내시구요.^^",오랜만에 어죽을 먹어요.^^
203,이집은 종류도많고 양도많고 오뎅탕은 어묵세개에 국물많이많이~ㅎㅎ,점심은 분식~
204,"오늘 점심은 남편이 참치넣고 볶음김치 해놓은거 있어서
볶음밥 해먹었어요^^ 이것만 먹기 아쉬워서
마트에서 사 온 냉동 가자미 전 하고
쇼핑몰에서 시킨 나박김치도 함께했어요
그리고 반숙 계란 후라이는 필수죠?ㅎㅎ
3구짜리 계란후라이용 후라이팬 샀더니
모양도 예쁘고 좋네요!",김치볶음밥❤️
205,"지난번 러블리수님이 추천해주신 냉라면 레시피로 해봤는데.. 훨~~씬 맛나네요😄😁
아삭한 콩나물이 굉장히 잘어울려요~👍 감사합니다!",늦은점심~ 냉라면 🍜
206,홍콩반점 고기짜장 고기짬뽕 춘권 만능매운맛소스 완전 맛있네요 같이 일하는 동생과 맛있게 먹어요 매운소스는 겁내 매워요 매운거 좋아하시는분 추천요,홍콩반점 점심 맛있게 드세요
207,남의편 휴가 마지막날...짬뽕으로 마무리 했네요...^^,점심은 짬뽕
208,"늦은 점심을 소머리국밥으로 먹습니다.^^
처음 먹는 국밥....
맛있게 먹고 가겠습니다.^^",늦은 점심을 먹어요.^^
209,"개인적으로 강원도 미백찰이 쫀듯하고 고소하고 맛있어서 좋아합니다^^
이번주가 마지막 무더위이겠죠?",최애 옥수수로 간단히~
210,"어제보단 야채를 더 넣고 볶았어요
다들 더 맛나거드세요^^
곁들여 먹으니^^👍☘️",볶음🍚
211,,볶음밥☘️
212,"어제 대전에 교육들으러 갔다가
너무 먹어보고 싶었던
서브웨이를 먹었어용 ~ 대전 지인 추천받아
빵 종류 플랫브레드를 선택했는데
너무너무 촉촉하고 맛있더라구용 ㅎㅎ
한끼 든든하게 채우고 세트로 시키면 초코칩쿠키를 주는데
쿠키고 너무 맛있었어욤! 아아랑 먹으면 최고👍🏻
충주도 어서 입점했으면 좋겠어요 🩷🩷",서브웨이🫶🏻
213,"잔치국수만들려다가요
콩물만든게있어서요 콩국수해서먹네요
올해는 유난히 콩국수많이 먹네요ㅎ
화분등에 기른 고추랑 방토도 같이 먹어요~☺️
역시 작은고추가 맵네요.....🤣
후식은...옥수수^^*",점심 맛나게들 드세요^^
214,"맛있는 막국수 @ 맛있는 만두
오늘 점심은
맛있는 메밀막국수 와 맛있는 메밀만두
함께여서 좋았던시간
더욱 맛있는 점심을 함께 했습니다.
육전이 들어간 막국수는 처음 맛을 보았습니다.
양이 은근 많아서
곱배기 느낌이 들었어요.
그냥 보아도
맛있게 보이는 만두ᆢ
오늘 두분
덕분에 너무 잘먹고 감사했습니다.
그리고
차한잔ᆢ
맛있는 커피도
오늘 처음 접해 보았습니다.
오늘점심 잘먹고
차도 잘 마시고ᆢ
오늘은 이렇게
맛있는 음식과 맛있는 차로 하루가 지나가네요.
고맙습니다.",육전 막국수 먹어봤습니다.
215,"남은 참치김밥 계란물에 부쳐먹었어요~
미니돈까스는 그냥 먹고싶어서 세개만 ㅎㅎㅎ
요즘 미니돈까스에 푹 빠졌네요ㅠㅠ 어릴때 먹던 맛! ㅎㅎ",오늘 점심은 남은 김밥~
216,"간만에 떡볶이를 만들어먹어요~~
만두와 핫도그는 에어프라이기에 돌렸어요~~
밥보다 떡볶이가 좋으네요~^^
점심 맛나게드세요.",간만에 떡볶이를 만들었어요
217,"전 저 돈까스가 망치(피망든 치즈)돈가스다음으로 맛나요ㅎ
약간 ㄸㄲ찔려🤣튀겨진 피카츄~맛비슷도 해요
오늘은 점심에 오랜만에 돈까스~~~
다들 맛난 점심드세요",ㅋ
218,막국수와 육전 먹었습니다.,막국수와 육전 먹었어요
219,"오늘 점심은 집에서 만들어먹은 샌드위치
준비물 햄, 치즈, 식빵, 양상추, 드레싱, 참치, 양파, 마요네즈
맛있네영🤤
다음번엔 속을 좀 더 꽉꽉 채워보겠습니돳!!
즐거운 점심, 저녁 되세요",샌드위치
220,"입맛이 없어서 책상위에 있던 초콜렛 바 하나 집어먹고 끝 ㅎㅎ
생각보다 맛있네요~ 커피까지 타서 마셨더니 꿀조합이에요
이래놓고 3시쯤되면 배가 고파질것 같은 예감 ㅎㅎ",저의 오늘 점심은 이걸로 끝~
221,오늘은 추어탕으로 저심 합니다~~^^,여주 추어탕집
222,"잠시
대기하고 먹었네요.
장호원 에서 ᆢ",점심 메뉴 뭐 드셨나요?
223,"오늘점심 터졌네요ᆢㅋ
감자도 터지고
옥수수도 터지고
옥수수는 쫀득쫀득
찰떡같은ᆢ
감자가
홍감자에
된장 발라서 ᆢ
버터에
된장 발라서ᆢ
오늘점심은
감자랑 옥수수랑ᆢ",터졌네ᆢ
224,"집에있는 냉털로 찬 만들어
쑥싹 쑥싹 비벼먹어요^^",점심은 보리밥으로
225,"오우 1시에 갔는데도 사람이 엄청나군요!!
장인어른과 함께 막국수와 치킨을 먹으며 반주로
너무 덥네요 다들 더위 조심하시고 화이팅입니다",점심은 막국수로!!
226,"막국수 먹으로 왔습니다.^^
조금..늦었지만....맛있게 먹고 갈께요.^^",늦은 점심을 막국수로.~~^^
227,"드디어 시장만두 사와서 먹어보아요~~
아아에 김치만두 잘 어울리네요👍
대성야채만두에서 샀는데..알싸한맛이 강하고 굉장히 중독성있는 매운맛이에요. 먹고싶었던 거 먹으니 며칠 못 잔 피로까지 풀리는 기분이에요😆😁
혹시 그 공주칼국수집에서 파는 약간 세모모양의 김치만두는
어디집껀지 아시는 분 계신가요??
저도 앞으로 여기저기 다 먹어보고 또 올리겠습니다^^",김치만두에 아아 🥃🎶~
228,카츠집도 맛있네요 웨이팅도 좀 있어요,점심은 카츠집
229,"👍 👍 👍
오랜만에 막창 너무 맛있게 먹었어요!!!
세트메뉴 1번이요.😊😉
막창도 맛있고 갈매기살도 너무 맛있어요👍
또 갈 생각입니다.
50m
© NAVER Corp.
오송오가네막창
충청북도 청주시 흥덕구 오송읍 오송생명5로 267-7",[청주오송맛집] 오가네막창
230,"오늘 원주 처음갔는데 맛집 검색해서 방문해봤어요
11시 오픈인데 예약을 안해서 기다려야했지만 대기 1번
기다리는 동안에도 차 계속 들어오고
앉아서 음식 기다리는데도 사람들 기다리더라구요
방문하실거면 예약 강추!
페퍼로니피자랑 투움바 파스타 배고파서 허겁지겁 먹었네여ㅎㅎ
피자에 갈릭디핑소스 나오는데 같이 먹으면 최고임돠!",오늘 점심은 원주 무튼에서 화덕피자로
231,"대청소 끝내고나니
넘넘 배고픔ᆢ
남애항 횟집으로 쓩ᆢ~~~
강원도 양양 동호해변
강원도 양양
동호 해수욕장은 그래도 한산한 편입니다.
오늘은 늦은점심
뱃속까지 시원하게
든든하게ᆢ
이제야 살것같음ᆢ
아침에 출발했던
그곳을 향하여
열심히 귀가ᆢ",오늘의 늦은 점심은
232,"점심은 마늘정식으로
다들아시죠?
이거 찬만먹어도 배부르네요~~^^
모두 맛점하세요",늦은점심 먹어요
233,"오늘은 늦게 점심을 먹었습니다.^^
공방 근처의 빨강 칼국수집~~
오랜만에 맛나게 잘 먹었습니다.^^",늦은 점심...빨강 칼국수~~^^
234,"오랜만에 만나서
배빵빵 하도록 먹었네요.
후식으로
차한잔 하네요.
밥도 잘먹고
차도 잘먹고
오늘은 나의 배를 호강 시켜주시네",오늘은 맛있는 점심으로
235,"라면 먹을까하다가
폭염대비 다음에 손쉽게 해먹을수 있게끔 감자10개삶아서 구워놨네요~",맛난 점심 드셨나요?
236,오늘 점심 내꺼는 스테이크덮밥 같이 일하는 동생은 연어새우장덮밥 이에요 여기 완전 맛있네요 배민에 팔팔덮밥이에요 한끼식사로 좋으네요~😍,점심 맛있게 드세요
237,"날에 더워도 너무 더워서
매장에 앉아 멍때리다 늦은 점심을 먹어요~
쫄면+군만두
넘넘 맛있네요~
가격도 6,900원~
담에 또 먹어야겠어요~
더위 안녕~~~ 하는 맛이네요 ㅎㅎ 맛있어요~",비빔쫄면+군만두
238,"지난번 야유회에서 남은 훈제 삼겹살,목살
마늘과 구워 쌈싸먹었어요ㅋㅋ
오늘같이 더운날은 던던하게~ 먹어줘야됨요🤣",고기먹어요ㅋㅋ
239,"뜨거운데
뜨거운거 먹어요.
따끈따끈 합니다.
물 작은병 10개 가져왔는데
오전에 고갈 ᆢ
오후에도
1인당 최소 5개씩은 ᆢ
사람이 노골노골 해 집니다.
모든 회원님 건강유의하세요.",이열 치열
240,"아주 살이 또 ㅋㅋㅋㅋㅋ
괴롭히네요
맛점들하세요~~",점심은 백숙으로 먹어요~~^^
241,계곡갔다와서 먹는 라면이 최고지요^^,점심은 라면..
242,,빵순이 점심은 오늘도 빵입니다.. ㅎ
243,"오늘 점심에 애들 친구 엄마들하고 간만에 집에서 수다타임으로 모였거든요~
커피랑 과일 빵정도 준비하려다
요번에 신상 약과버터로 모임준비를 했더니…어머! 엄마들이 이런거 어디서 사왔냐며 반응이 폭발적이었어요 ㅎㅎㅎ
맨날 먹는 동네 빵집보다 훨씬 더 고급지고 대접한 느낌??? ㅋ
포장도 깔끔하니 포크까지 들어있어 따로 차리고 말것도 없네요
커피랑 과일만 휘릭 준비해서 먹었는데요~커피랑 넘 잘어울리네요^^
요런 센스 있는 간식 넘 좋다며 칭찬도 받고 수다로 스트레스 다 풀고 났더니 아주 기분 좋네요^^",간단한 다과 모임 간식 요거 좋네요~
244,"하고나니.. 더워서 다른메뉴 포기하게 되네요^^;
아이들과 집에 있으려니 답답한데..
오늘 밖은 훠~얼씬 덥겠죠?",콩나물잡채
245,"순두부 명란국 부드럽게 먹었네요.
방학이라
매미소리가 더 귀청 떨어지게 잘 들리는 겐지..
이글이글 뙤약볕에 모두 살아 남아 보아요~😎",명란 순두부국
246,"오늘 점심은 비빔빵으로
맛있는 점심드세요.",비빔빵 으로
247,"학교 수업을 이제 마무리 하고 늦은 듯 한 점심을 어죽으로 먹습니다.^^
소나기가 지나긴 뒤여서 무척..덥습니다.^^
건강한 오후 보내시구요.^^",오늘은 어죽을 먹습니다.^^
248,"오늘 점심은 역전우동 입니다
3가지 메뉴다 맛있네요 점심 맛있게 드시고 즐거운 오후 되세요~😄😆😍",역전우동
249,"밀키트로 집에서 물막국수, 갈비만두, 메밀전 먹었는데 요거 물막국수 정말 맛있네요
웬만한 식당보다 더 맛있는거 같아요 앞으로 종종 해먹으려구요",밀키트 압승
250,"오늘 점심은~
국수서리에서 포장해온 계란김밥으로~^^
밥은 쪼메 계란지단은 마니마니 들었어요ㅎ
비빔국수를 먹고 싶었으나 포장해서 먹기엔
면이 불어서 맛이 없다는 사장님 말씀에 포기ㅜ
아쉽지만 국수는 다음에 매장에서 먹어야겠어요..
음식은 깔끔하고 인위적인 맛이 안나서 제 입에는 맛있네요^^
점심식사하셨나요?
뭐드셨어요?
습도가 높아서인지 암것두 하기싫은 매일이네요🤣🤣",국수서리_계란김밥
251,"오늘 점심은 간단하게 먹어요
이것저것 다 맛있네요 즐거운 오후 되세요~😍",점심 맛있게 드세요
252,식사 맛있게하세요☺️,로제파스타
253,,하프 버터크림라때와 빵
254,"최근에 유튜브서 문희준딸이 먹는모습보고
먹어봐야겠다했었죠
몇년만에 먹는지 기억이 선뜻 나지 않아요~
오랜만에 먹어서인지 맛나네요
다들 맛난 점심드셔요",짜파게티
255,"샤브샤브 먹으러 왔어요
국물이 좀 매운데 맛있네요 ㅎㅎ",샤브샤브 먹어요 ㅎㅎ
256,"아들 길고긴 여름방학이네요
아침에 출근전 준비한 간식이에요 맛있게 먹고 공부 좀 해라 휴대폰 그만 보고 부탁해~😍😄😆",방학간식
257,"16분의 기다림ㅠ
마지막이 젤 맛나요ㅋㅋ
굽는데 16분
먹는데 1분이요ㅋㅋㅋ
감자 + 계란 + 베이컨 + 양파 + 전분 + 후추 + 소금",점심은 감자전으로..
258,"떡볶이와
납작만두로
환상조합이죠^^",점심은 분식으로..
259,"오늘은 중복 맞이 점심시간에 봉구통닭을 먹었어요
디진닭과 대한꿀마늘 반반이에요~🍗😆😋
디진닭은 완전매워서 울뻔했구요 대한꿀마늘은 맛있어요 디진닭의 매운맛은 크게 오래가진 않으니 매운맛 좋아하시는분은 먹어 보세요~😆😄🤣
같이 먹은 동생은 다음부터는 2단계 먹자네요~ㅋㅋ
점심 맛있게 드시고 즐거운 오후 되세요~😄😍",봉구통닭 점심 먹어요
260,"오늘은 조금 늦게 어죽으로 점심을 먹습니다.^^
오랜만에 먹는 어죽...
맛나게 먹고 갈께요.^^",늦은 점심을 먹습니다.^^
261,"아침겸 점심으로 남편표 열무비빔국수 먹어요
시댁에서 주신 열무김치랑 냉동실에 있던 불고기 올려먹네요
칼칼하니 맛납니당ㅎ",열무비빔국수
262,"아이셋 자영업 엄마로사는법 ㅎ
중딩
고딩
방학
대충간단히
한끼
때우기
애미는오늘 빙수단체주문으로
정신이없다
아들들이그나마
좋아하는걸로
15분컷하고
다시출근
방학시작인데....,
개학이언제인가요 ㅎ",방학에 몸이10개면 좋겠어요 흐흐흐
263,"추천해주신 튀겨튀겨에서 떡볶이와 순대 튀김까지 포장해서 집에와서 남편과 먹었습니다 :)
추천해주신분 복 받으세요!!!
떡볶이 완전 제 스탈이고 양도 엄청 많아요
녹두전은 저희 어머님께서 해주신거였는데 떡볶이랑 찰떡입니다!!",오늘 점심은 튀겨튀겨!
264,"비빔면이 먹고싶은데 집에는 배홍동밖에 없네요ㅜ
전 왜 비빔면이 더 맛있을까요?
살려보려고 사과즙이랑 이것저것 넣어봤어요.
까다로운 남편이 음~ 맛있다! 하네요😁 다행입니다~~",배홍동 살리기
265,"오랜만에 버거만들어 먹어요ㅋㅋ
오늘은 M사 쿼터파운드치즈버거 따라해봤어요
맛 똑같네요ㅋㅋ
마요네즈 케찹 치즈 피클 고기패티ㅎㅎ
오늘 버거는 성공입니다!!
계속 새로운 시도 해볼께용ㅋㅋ",늦게먹는점심
266,뭐니뭐니 해도 점심은 라면이 최고네요ㅎㅎ,일찍먹는점심
267,"8개가 든 라면을 4개로 줄여서 남편과 먹어봤습니다😂
도시락 라면이 이렇게 맛있었다는걸 처음 알았네요 ㅎㅎ
남아있는 4개는 포장해서 넣어두었으니 다음에 다시 냄비로 끓여먹어야겠어요",오늘 점심은 편의점에서 핫한 점보 도시락~
268,"좀 달려왔어요.
조금늦은 점심을ᆢ
휴게소에서 가마솥밥으로 먹었네요.
밥에 옥수수도 ᆢ
누룽지 숭늉도
얼큰 황태순두부
가마솥밥에 얼큰황태순두부
양이 많네요.
맑은하늘 아래로 달리기ᆢ",오늘 점심은 휴게소 맛집
269,"큰 아이 열나서 병원갔다가
조금 늦은 점심으로 꼭지분식 만두 사왔어요~
간간하니 아무것고 안 찍고 그냥 막 집어먹게 되네요",꼭지분식
270,"오늘 점심은 라쿵푸마라탕 입니다
칠금점 휴무라서 호암점으로 시켰는데 아주 맛있네요 점심 맛있게 드세요~😄",점심은 마라탕
271,"습해서 에어컨 빵빵히 틀고
새콤달콤매콤한 비빔면 후루룩 먹습니다~
이른점심 먹어요. 회원님들 맛점하세요^^*",비빔국수 먹어요🍜
272,"어머님께서 주덕에서 사오신 추어탕 먹습니다 :)
거의 15년만에 먹는거 같은데 시래기도 많고 맛있어요",점심은 추어탕
273,"작은 아들이 엽기떡볶이 노래를 불러서 갔어요
순한맛도 조금 맵네요 떡이 맛있네요
김가루주먹밥과 오돌뼈주먹밥 먹었는데 오돌뼈주먹밥이 맛있네요 늦은 점심 먹고 왔어요~😄",엽기떡볶이
274,"오늘 점심은 카쿠레가 배민에 있어서 주문했지요
매장이 이쁘고 좋은데 매장가서 먹어봐야겠어요
점심 맛있게 드세요~😍",즐거운 점심시간 입니다~😄
275,비오는 날은 부침개죠,비도오고 부침개 합니다
276,"서울에서 지인분이 오셔서 오늘은 점심으로 어죽을 먹습니다.^^
맛난 어죽...^^
잘 먹고 가겠습니다.^^",어죽을 먹습니다.^^
277,"신연수에 원래 가려던 찌개집이 휴무여서.. 바로 옆에 김치요리 전문점으로 갔습니다. 예전에 생선구이집이었는데 바꼈더군요.
2명이서 짜글이 시키고 중간에 소주 한병 시키고 먹으면서 반찬 4가지 중에 어묵 먼저 한번 리필했었습니다.
문제는 식사 후반에 밥과 소주 남은게 있고.. 짜글이랑 반찬을 다 먹어가서 반찬 네가지를 조금씩 더 달라고 요청드렸습니다.
근데 갑자기 다 리필은 안된다고 하시더라구요.
너무 아까워하시는게 느껴지며 한두가지만 하라는 식으로..
반찬 리필이 당연히 손님으로서 누려야할 권리, 식당이 당연히 제공해야할 의무는 아니란 정도의 상식은 가지고 있습니다만,
뭐 저희가 지속적으로 무리하게 요구한것도, 잔뜩 달라고 한것도 아니고.. 당황스럽고 기분이 나빠서 그럼 안먹을테니 주시지마시라고 하니 식당측은 그래도 조금씩 드리겠다~ 저희는 됐다 는 대화가 오갔습니다. 그러구서 티비보시며 노래 흥얼거리시더라구요?
저 같으면 솥밥 하나 5분 늦게 나오면서 다 탄게 미안해서라도 반찬이고 뭐고 드렸겠습니다.
솔직히 짜글이 1인분에 13,000원인데 김치 쪼금 두부 반모? 팽이버섯 조금, 잡내나는 고기 조금 넣어서 나오는것도 돈 아까웠는데다가 맛도 없는 반찬 그냥 줏어먹으려고 더 달라했다가 굉장히 실수한거 마냥 응대하시는 모습에 굉장히 실망했고 점심시간을 망쳐버렸네요.
너무 아까워하는게 느껴져서 황당하고 기분 나빠서 두서없이 푸념 한번 해봤습니다.
상호는 밝히면 안되는걸로 알고있어서 말하진 않겠습니다만 혹시 주인장께서 보신다면 다른 손님분들껜 안그러셨으면 하는 마음에 남겨봅니다.
안좋은 내용이라 불편하실 분들이 혹시 계시다면 죄송합니다.",이런 식당 처음봅니다. 소중한 점심시간 기분 더러워졌네요
278,"오늘 점심 맛있게 연어새우장덮밥 먹었어요
즐거운 오후 되세요~😍",점심 드세요~😄
279,"짜장면 먹을때는 고춧가루 뿌려서 먹는 스타일인데...
사진처럼 듬뿍 뿌리는 분들도 계실까요? 후덜덜 ;;;",오늘 점심은 맛있는 짜장면 어떠세요? ㅎㅎㅎ
280,어제가 초복이지만 오늘 먹어용,삼계탕
281,"집에있는 반찬들 넣고 된장 넣고 비볐어요~
모두들 맛점 하셨나용??
아직 안드신분들은 어여 맛점들 하셔용😋",점심은 비빔밥~🍴
282,"저는 만두국 먹어요🤭
만두사진보고 참을수없어서
스마일만두와서 전골말고 오늘은 만두국으로🥟🥟
맛점하세요🙂
사골떡만두국&육개장떡만두국&비빔만두",점심 뭐 드시나요~~?
283,"맛있어서 또 먹어요 오늘은 불고기맛 입니다
점심 맛있게 드세요~😄",점심 맛있게 드세요~😍
284,밖에 비가와서 육개장 사발면까지 물부어 먹어주기맛있네요 모두 점심 맛있게 드세요~😄,즐거운 점심시간~😍
285,나가서 머먹고싶은데 혼자라 귀찮네요ㅠ,오늘 점심은 ! 그냥 집밥...ㅠㅠ
286,"오늘 점심은 맛있는 샐러드 입니다
모두 맛점 하세요~😄😆😍",점심~💕
287,"오징어 좋아해서 오징어무침 많이 갖고 왔어요^^
글이 넘 좋네요~^^ 아이들을 바라볼때 그런것 같아요ㅎㅎ
50m
© NAVER Corp.
다담뜰한식뷔페 충주점
충청북도 충주시 금봉대로 178
오늘따라 사람들이 더 많아서 줄서서 먹었어요ㅎㅎ",충주 다담뜰한식뷔페
288,"""비매품"" 돈까스버거입니다ㅋㅋ
아들램 튀겨줄려고 사놓은 돈까쓰
데리야끼소스 넣고 버거 만들어봤어요ㅋㅋ
음...이번엔 실패요🤣🤣
케찹, 머스타드넣어먹을껄 그랬나봐요ㅎㅎ
모두 맛점하세요🫡",출출할땐 역시버거👍
289,"에어프라이기에 해동하고
떡볶이떡도 추가
컬리에서 샀는데 매콤하니 맛있네요~^^",대창주꾸미볶음
290,"시원하게 막국수 달려보려 합니다 ㅎㅎ
비도올것 같고 면이 땡기네요!~",오늘 점심은
291,"시원하게ᆢ
계란은 언제 드시나요?",늦은점심
292,"점심 간단히 해결해요~ ㅎ
날씨가 무지덥네요🥵
맛점하세요🤭",롯마에서
293,"비가 그치고 이제 뜨거운 여름날의 날씨가 느껴지는 하루입니다.
여러분들의 오늘 점심 메뉴는 무엇일까요 ~",다들 오늘 점심은 뭐 드시나요 ~
294,볶은김치에 두부 맛나요ㅎㅎ,한가한시간에 요기합니다ㅎ
295,"대패비빔밥!ㅋ
상추듬뿍이라 살안쪄요😁😁
맛점하세요",이건살안쪄요
296,"햇살이 무지 뜨겁네요.
장치찜 먹으러 가려다가
햇살이 뜨거운 관계로 발길을 돌림
시원한 물회로ᆢ
점심식사 맛있게 드세요.
아주
시원합니다.
언제나
변하지 않는 묵은지 김치맛 good~~~
양양에 오면 항상 들리는
이곳이 최고인듯ᆢ",오늘 점심은 시원한걸로
297,"비 온 다음 서늘한 오늘 날씨에는
뜨끈한 국물의 요리가 떙기네요 ~
칼국수..샤브샤브...최애..ㅎㅎ",따끈한 칼국수가 떙기네요 !
298,"호암 두부만드는사람들에서 사온 콩물로
콩국수를 만들어 먹었어요.
콩물에 잣도 들어 있다 하더니 고소하면서
크리미한게 정말 맛있네요!",콩국수 한 그릇
299,"마구설기 맛있네요^^
오늘 맥추감사주일이여서 교회에서 떡하셔서 점심으로 떡 먹어요~
맛나네요ㅎㅎ
벌써 6개월이 지났네요^^
지나고보니 감사할 일이 참 많다는걸 깨달았어요
감사를 많이 하면 감사할일이 많아지고,
원망불평을 많이 하면 원망불평할 일이 많아진대요~
이왕이면 감사하며 살아야겠어요",떡 먹어요~
300,"애호박전 하고ᆢ
잘돼소 연수점에서 소불고기 양념한거 사와서
후라이팬에 굽기만했어요ㅎㅎ
미역국은 황태 넣어 미역국 끓이고, 오이는 이명순반찬(축협하나로마트 교현점)에서 덤으로 주셨던건데 맛있네요^^
날씨가 많이 덥네요~
점심 맛있게 드세요^^",쌍둥이 생일이라서ᆢ
301,짜짱면,오늘 점심은?
302,짬뽕,오늘 점심은
303,"진비빔면에 치커리, 오이, 방울토마토 넣고 매콤하게 만들어 먹었어요!",채소 가득 비빔면
304,"오늘 점심은 김치찌개에 오리훈제먹었음돠ㅋ
다들 맛점하셨나요?",김치찌개에 오리훈제
305,"얼큰한 김치찌개🥘
사태라그런지 꼬들꼬들👍🏻",맛점하세요🤤
306,"장마라더니오늘은해가쨍쨍무지덥네요.
시원한막국수먹고더위좀식혀봅니다.ㅎㅎ
맛점들하세용.ㅎㅎ",오랜만에막국수한사발~ㅎ
307,"육회비빔밥 오랜만에 먹네ㅋ
맛있다 맛있다ㅋ
배불리 먹으니 졸리네ㅎㅎ",육회비빔밥 ㅋ
308,"비가
비가 엄청내리고 있습니다.
점심은 호박전으로
재생
6
00:00
00:26

오늘점심은 한잔으로",오늘점심은 한잔으로
309,"신랑이 일이 있어서 출근하는 바람에
주말 점심 메이트가 사라져서
뭐먹지하다가 오므라이스 만들었어요~~
양파, 당근, 햄, 감자 넣어서 볶음밥 만들고
계란 지단 붙여서 감쌌는데~ 간단해 보여도 재료 손질하는데 시간 많이 가는 메뉴 같아요~ㅎㅎ
역시 오므라이스는 케찹 맛인듯!!",오므라이스를 해먹었어요~~
310,"저번에 시장에서 사온 만두로 떡만둣국 끓였어요
멸치티백이랑 가쓰오부시국간장을 넣으니 맛있네요^^
점심 맛있게 드세요~^^",떡만두국
311,"재생
14
00:00
00:06

너구리 한마리 몰고가세요~~🦝",너구리 한마리 몰고가세요~~🦝
312,"저번 충주 당일여행 송어회 맛있다고 추천해주셨는데
검색해보니까 꽤 많은 송어회집이 있더라구요 ㅎㅎ
저 혼자 가면 불친절해도, 맛없어도 그려느니 하고 그러는데
부모님을 모시고 가는거라서 괜찮다고 하시지만 신경이 쓰이긴 쓰이네요 ㅎㅎ
추천 부탁드려요 ^^",송어회 맛집 좀 추천해주세요~!
313,"냉장고 털어서 국내산 암꽃게넣고 해물탕 끓였어요쫌있다 수제비 떠서 넣어 먹을까해요^^
언제까지 국내산 해물 먹을수있을지?ㅜ
미리 쟁여놓기도 냉장고가.....ㅠ",이열 치열
314,포장 가능한곳이면 좋겟어요,제육볶음 맛집 알려주세요~~
315,"버섯 샤브샤브👍🏻
미나리 듬뿍 버섯 듬뿍~
소고기넣고~마무리 볶음밥",매일먹어도 안질리는..
316,"집안일 하고보니 벌써 시간이~~
간단히 김밥 말고 떡볶이하고~~
김말이 에프에 돌려서 먹어요~~
언제나 분식은 맛있어용 모두 맛점하세용😋",분식파티~😋
317,"비빔밥에 된장찌개는 환상의 짝꿍이죠ㅋ
퇴근이 임박하니 저녁을 뭘해먹을지 고민이군요~
다들 맛있는 저녁되세요^^",오늘 점심은 비빔밥에 된찌
318,"지인분이 타지역에서 사다주신건데
2인분양이 어마어마하네요👍🏻
햄도 완전 많아여~
맛점하세요🥰
재생
8
00:00
00:05

보글보글 부대찌개🥘",보글보글 부대찌개🥘
319,"집에 있는 둥근 라이스페이퍼로 처음 만들었어요
딸에게 보내줘야겠어요~^^",김부각 만들어봤어요
320,"오랜만에 짜장면을 먹어보네요.
짜장면에 김치와 먹으면 더 맛있어요.
점심 맛있게 드세요.",점심은 짜장면으로
321,"영월로 캠핑왔는데
밥을 누가 가져가서
아점으로 떡뽀끼와 콜라로~ㅋㅋ
오늘 날씨가 좋아
밤에 별이 마니 뜰것 같은
느낌적인 느낌😍",떡뽀끼~🥢
322,"또 샤브샤브
매일먹어도맛잇는..미나리향가득👍🏻🤤",어딜까여~~?
323,"겨자소스 알싸한 크래미샐러드
케요네즈 뿌린 적채샐러드
오늘은 풀 맛있게 소스뿌려먹어요ㅎㅎ
지난번에 여수룬님이 선물주신 적채!
식감도 좋고 은은한단맛이 좋네요👍👍",샐러드먹어요ㅎ
324,"동태전에 부추도 넣었어요
지에스슈퍼 매실양념돼지불고기팩에 양파만 넣었는데 맛있네요ㅎㅎ
다 태워먹고 두껍고ㅋㅋ
아욱국은 저번에 끓인거 남아서 얼려놓은거 녹혀서 데워 먹으니 맛나네요ㅎㅎ
회원님 모두 점심 맛있게 드세요~^^",아점^^
325,"어젯밤 먹고싶었던 쫄면을요~♡
늦은 점심 이네요
남은 오후도 즐겁게 보내세요😄😆",드디어 먹습니다
326,"숙주만 데쳐서 그냥 야채 월남쌈
어제 마트서 득템한 애플수박 후식도^^~",점심 맛나게들 드셔요
327,"아침을 늦게 먹어서 점심을 건너띌까했더니 아들들이 배고프고 약 먹어야된다고 밥 달래서 부랴부랴 했네요ㅋㅋ
냉동오징어라 그런가요?
오징어국이 아닌데 국물이 생기네요ㅎㅎ
오징어는 생물이 훨씬 맛있네요
당연한 얘기겠지요ㅎㅎ",오징어볶음?
328,"소고기추가,야채추가필수😁🐷
마무리 볶음밥👍🏻👍🏻
볶음밥도 하나더추갘ㅋㅋㅋ🐷🐷
재생
1
00:00
00:04

샤브샤브~",샤브샤브~
329,"건강식한상입니다ㅎ
브리오쉬번이 더 맛나네요ㅎ
참깨빵버전!!
컵에담긴 샐러드는 양장피처럼 매콤새콤하게
만들었어요ㅎㅎ 젓가락이 멈추질않네요🤣
샌드위치 속재료엔 머스타드,마요네즈,후추를
넣어 비볐어요ㅋㅋ
당연히 제가 두개 먹었습니다ㅋㅋㅋ",크래미샐러드&샐러드버거
330,"순국을 좋아라 하는데
깔끔하니 맛있네요~~
회원님들 맛점하세요😊",순대국밥
331,"목계 왔다가 냉칼국수 보고 바로 흡입해요
엄청 시원하네유 ~",너무더워서 시원한거 먹어요
332,"하던일 살짝더 하다보니
점심도 살짝 늦었네요.
모두모두
점심식사는 맛있게 드셨나요?",살짝 늦은점심
333,"탄금 공원에 앉아 도시락으로 점심을 먹습니다.^^
맛있게 먹고...중등 아이들..접수 받겠습니다.^^",오늘 점심은 도시락 입니다.^^
334,"오늘따라 치킨 넘 먹고싶어서 주문없을때
바로 튀겨먹었어요🤣🤣
갓 튀긴 치킨 넘 맛나요ㅎㅎ",닭튀겨먹음요ㅎㅎ
335,"오늘 점심은 돌짜장을 먹고왔네요^^
탕수육과 함께 너무 맛있었어요 ㅎㅎ",오늘은돌짜장!
336,"감자탕 즐겨먹지않는데
엄마표는 먹어요~🥔
직접말린 시레기에 푹삶아진 고기
부들부들 살살녹아요
맛점하세요😉",감자탕~🥔🥔🥔
337,"점심은 떡만두국 먹어요~🥟🥟
맛점하세요🥰🥰",떡만두국🥟🥟
338,"녹두전맛집!!
항상 점심때는 사람들이 북적북적🤤👍🏻
좋은분들과 점심식사했어요",녹두전은 이집이지!
339,"다들 점심 무엇을 드셨나요?
저는 아파서 죽을먹었네요ㅠㅠㅠ
한우미역죽인데 먹을만 해요",오늘 점심은 죽이네요....
340,"맛있어요👍👍
아쉽게도 비매품입니다ㅠ",타코만들어먹어요😁
341,"오늘 작업마무리 하고 먹느라
2시넘어서 점심을 먹었더니
저녁 생각이 없네요.
오늘은 저녁을 굶어야 할듯
배고프기전 잠들어야겠죠?
늦은점심 으로 해장국
푸짐하게 나오던걸요.
지금보니 한잔 생각나네요.",오늘 늦은 점심으로 저녁은 패스
342,"아침에 밥맛도 없고해서 건너뛰었더니
배가고파 뭘먹을까하다 피자를 시켯내영~",늦은 아점을 먹어요~
343,"연휴라 시댁에서 복탕먹어요 ㅎㅎㅎ
맛나네요^^",복탕먹어요🐠🐟
344,"가격에 놀랐어요
커피한잔 가격이라니ㅎㅎ",평택통북시장 칼국수
345,"딱비벼먹는 재료가잇어서
참기름넣고 슥슥 비볏습니다🤭",냉털 비빔밥🍚🍳
346,"쑥떡엄청나죠 ㅎㅎ
아침에바로 해온거라 쫄낏하네요
마늘쫑두 한철이라 매일 먹게되네요~",쑥떡쑥떡~
347,"이리 많네요 더있다는...
역시 보리밥 맛나요^^
쑥싹쑥삭 비벼요~~",점심은 냉털로 보리밥 먹어요
348,"오랜만에 내장탕을 먹습니다.^^
비록..경기는 4대7로 졌지만....기분 좋게 마무리 하고 밥 먹으러 왔습니다.^^
맛나게 먹고 갈께요.^^",내장탕을 먹습니다.^^
349,냉육수 만들어 시원하게 먹어요^^,점심은 국수만드러 먹어요
350,,파스타 &돈가스
351,"친구가 밥을 사줘서
친구는 우동, 저는 베이컨크림우동 먹었어요~^^
베이컨크림우동은 맵지는 않았어요
친구와 제입맛에는 조금 짰지만
괜찮았어요~
인테리어가 이뻤어요
미소된장국에 미역이 들어갔는데 제일 맛났어요
꽃접시 넘 이뻐요ㅎㅎ
옆에 옛날선인장카페 이름이 바뀌었는데
음식 계산하고 영수증 들고 카페에 가면
음료 할인도 받을 수 있대요
50m
© NAVER Corp.
카쿠레가 충주점
충청북도 충주시 연수동산로1길 7 101호
예약",충주 카쿠레가
352,"돼지고기가 들어간 카레
새콤한 미역냉국
직접 담근 열무",카레와 미역냉국 먹었어요
353,"중앙시장에 다녀왔습니다.
아주식당(3호집) 입니다.
순대모듬 먹었네요. 술을 술술 부르는 맛입니다. ㅎㅎ
대부분의 식당이 영업을 하고 있었습니다.
자알 해결되어 상인분들 걱정거리가 없어지면 좋겠습니다.",중앙시장(중앙어울림시장) 다녀왔어요.
354,며칠전 원주 아웃백에 방문하여 스테이크를 먹었습니다^^,아웃백 스테이크
355,갈비에 냉면까지 열심히 먹고왔습니다😁😁,갈비갈비🍖
356,"엄니꺼서 직접 묵을 쓰셔서 맹그신 엄니표 도토리묵밥...^^
역시 도토리묵은 집에서 직접쓴걸 묵어야 사묵음 이맛이가 안난다는요...ㅎ",엄니표 도토리묵밥 이네요...^^
357,"청주 성안길 홈플러스 근처에 있어요!
항상 지나가던곳.. 궁금해서 맛 보고 왔어요
짜장, 우동 곱배기로 주문하고 후회 했어요..
양이 너무 많아요😅😅😅
50m
© NAVER Corp.
서문우동
충청북도 청주시 상당구 무심동로392번길 8","""청주맛집"" 서문우동"
358,오늘 점심은 뭐 드시나요?,오늘 점심은
359,"드디어..병원에서 탈출하여 아버지와 어죽으로 점심을 먹습니다.^^
왠..환자가 많은지요..ㅠㅠ
겨우..검사 받고 . 진료...다 하고..밥 먹습니다.
점심 맛나게 드시고 남은 오후도 힘내셔요.^^",어죽을 먹습니다.^^
360,"지난번 이벤트당첨으로 첫방문한 와플칸
한입먹고서 ""아 이제 와플은여기다""🤣🤣
카페 이벤트의 순기능이죵?ㅎㅎ
저처럼 모르던사람도 단골만드는ㅋㅋㅋ
봉방동에서 배달온건데도 따뜻하고 바삭하더라구요
덕분에 오늘도 행복한점심였어요ㅎㅎ",매콤달달한 점심먹었어요😁
361,역시 점심으론 간단히 잘익은 엄니표 열무 물김치 국수가 딱이라는요...^^,역시 점심으론...
362,"오늘은 조카 며느리가 인사를 하러 와서..맛난 점심을 먹으러 왔습니다.^^
맛있게 먹고 갈께요.^^
재생
16

이른 점심 먹으러 왔습니다.^^",이른 점심 먹으러 왔습니다.^^
363,"합천 추모식에 참석하고 가는 길에 늦은 점심을 먹습니다.^^
성주휴게소....
참외를 팔길래..봐..보니...우리 카페에서 구매하는 것이 훨씬 도움이 될 듯 하여..밥만 먹고 그냥 가 봅니다.
맛있게 먹고 갈께요.^^",늦은 점심을 먹습니다.^^
364,"오늘 막내가 교회에서 기타레슨이 3시 30분에 있어서 점심 먹으러 아그집 다녀왔어요~
오늘 사람들이 좀 있어서 줄서다가 먹었어요ㅎㅎ
아시는 분 가게인데 너무 바쁘셔서 조용히 먹다왔어요
들깨칼국수와 메밀전병 먹었는데
배가 엄청 부르네요^^
50m
© NAVER Corp.
아그집들깨칼국수
충청북도 충주시 남산4길 73-7 충주 공판장 뒷편, 충주 공판장 뒷편",충주 아그집 들깨칼국수
365,"삼교비와 오이냉채국수요
마무리 초코파이까지 든든한 한끼요👍👍",한가한시간에 밥먹어요ㅎ
366,"오늘은 부산에서 잘 아는 동생이 놀러 왔습니다.^^
어죽을 먹으려. 했더니...문이 잠겨서...칼국수를 먹게 되었습니다.^^
맛있게 먹고 가겠습니다.^^",칼국수로 점심을 먹습니다.^^
367,"5일장가서
만두,김밥,순대,도너츠 사와서
점심 먹어요~~
맛점하세요😁
중원순대
대성 야채만두
명동만두 김밥
도깨비 도너츠",시장 음식들로~~
368,"복호두 냉동보관했다가 먹을때마다 꺼내먹어요ㅎㅎ
호암동 배달안되서 많이사서 보관해놓고 먹어요
아직 한박스남았어요🤣🤣",아점합니다😆
369,"오늘도 엄마표자랑ㅋㅋ
엄마표. 김치찌개
이마트양장피 가격이 오르고
구성이 조금바꼇어요~
맛은 그대로 맛잇네요👍🏻👍🏻",김치찌개&양장피
370,"천안에서 아는 동생이 와서..함께 어죽을 먹습니다.^^
지난 주에도 어죽을 먹은 기억이 있는데...일주일만에 먹는 듯 합니다.ㅎㅎㅎㅎ
자주 먹어야 하는데....
점심 식사 맛있게 하시고 남은 오후도 행복하셔요.^^",어죽을 먹습니다.^^
371,공칼 떡만두국에 김치만두 먹었어요🤤🤭,공주칼국수🍜🥟
372,"오랜만에 주일오전예배 끝나고 월레회하고 다담뜰에 갔다왔어요~ 엄청 배부르네요ㅎㅎ
50m
© NAVER Corp.
다담뜰한식뷔페 충주점
충청북도 충주시 금봉대로 178",충주 다담뜰한식뷔페
373,"오늘은 야구를 함께 하는 동생이 공방에 놀러를 와서 점심을 함께 먹습니다.^^
어죽....
간혹..먹지만..언제나 그 맛으로 입맛을 자극합니다.
오늘도 저는..어죽을 먹습니다.^^",어죽으로 점심을 먹습니다.^^
374,"엄마가만든 쫄면에..🍜
만두가먹고싶어서 신전 주문햇는데
만두만먹음 섭해서 떡볶이까지😁😁
맛점하세요🤤😁",분식데이~♡
375,"오늘도
방문
저번에선지는먹었지만
냉면3500원
먹어보러
와!!!
맛있어요♡♡♡
선지
육계장
비빔냉면
만두
해서
14500원
갈비탕한그릇값이라니......
김치도
맛있어요",냉면+만두가 6000원???선지3500원이라니...
376,"간짜장에 탕수육 먹었어요
어딘지 아시겟죠?",짜장묜~~🍜
377,"천안에서 젊은 동생들이 공방에 놀러를 와서 간짜장으로 점심을 먹습니다.^^
ㅎㅎㅎㅎ
맛나게 먹을께요.^^",간짜장으로 점심을 먹습니다.^^
378,"오늘은..공방 조금 먼 근처에서 시원한 냉면 한그릇 먹고 왔습니다.^^
덩달아서...만두 조금과..선지국도..맛 보고 왔습니다.^^
남은 오후도 힘내시고 또 힘내셔요.^^",시원한 냉면..한그룻 먹었습니다.^^
379,"오늘도
정담
건강밥상♡
너무좋네요♡
야무지게
먹고왔네요♡
주차하는데
후방카메라에
이쁜꽃이~~♡♡
꽃이너무이뻐서
찍었어요
식사배 빵배
따로
전오늘은
빵이또땡기네요♡
수제베이커리
라즈베리 빵과
점심마무리♡",충주)여기음식은 다맛있는듯 버섯/가지 이렇게 맛있을수가 있더라구요
380,"한가한 오후시간에 간단히 요기했습니다
고기 소스 빵!
진한 고기맛이 좋네요ㅋㅋㅋ",야채 싹~ 뺀 뉴욕버거요ㅋㅋ
381,,소풍 나왔어요ㅎㅎ
382,"오늘 점심은 저도
아리새님과 약속이나 한듯 국수를 먹었네요.
들깨칼국수
후루룩~~~
비빔국수
은근 매운 비빔국수
비빔 국수가 매워
감자전으로 감아먹기
감자전
감자 채를 썰어서
색감좋고
식감도 좋고
비요일에 꼭 다시 찾으리라.",국수 두 그릇 감자전 추가
383,"국수는 한그릇 먹는거 아니예요~~~
아리새 무거워서 날지 못하는 ㄷ.ㅈ 라고
날씬.늘씬하신 두분 회원님들께서 놀리셔도
국수는 두그릇 먹어줘야해요~~~",오늘 점심은 두그릇~~~^^
384,"오늘 오전에는 먼곳에서
고개님께서 다녀가시고
점심때쯔으엔 아리새님께서
두부전골 사진으로 저를 유혹하는 바람에
휘리릭ᆢ
아주 든든하고 맛있게 점심을 먹었답니다.
아리새님 점심 너무 잘 먹었습니다.
야들야들한 두부전골ᆢ
재생
18
00:00
00:13

두부전골
지금보는데
두부가 또 그리워지네요 ㅠ
2차는 커피숍
한잔 두잔 세잔
또한 즐거운시간ᆢ
뜨거운날씨
시원한 차와함께 즐거운시간
잘 보냈습니다.
닷컴님들께선
오늘하루 어떻게 보내셨나요?",두부전골
385,"티켓팅을 하고..석촌호수가 보이는 롯데타워로 와서 늦은 점심을 먹습니다.^^
맛나게 먹고 열심히 따라 부르려구요.^^
잘 먹겠습니다.^^",늦은 점심을 먹습니다.^^
386,,오늘의점심입니다~^^
387,"제일 간단하고 쉬운 요리ㅎㅎ 오랜만에 끓여보네요
날이 따뜻하니 금새 피네요~ 신기^^",참치김치찌개
388,"재생
14
00:00
00:13

오늘 점심은 두부찌개~~~
두부찌개
비주얼 장난 아니쥬~~~~
참고로 충주는 아니예요~",오늘 점심은 두부찌개~~~
389,"고메스퀘어 좋네요
배불리 먹음요😁",고메스퀘어 왔어요ㅎㅎ
390,"오늘의 식당 메뉴는 돈까스, 치즈오븐스파게티, 팽이장국, 샐러드, 비트피클, 김치, 숭늉입니다^^ 양식데이에요~!!
다들 오늘 하루도 파이팅하세요!!",오늘 점심은 치즈오븐스파게티와 돈까스😆
391,오늘의점심은 아이들과 김치치즈밮!,오늘의점심은 김치치즈밥!
392,"소금빵 좋아해서 여기저기먹어봐도
역시 소금빵은 라즈베리임다ㅋㅋ
고소한 짭잘함이 넘 좋아요ㅎㅎ
아들램 컵케익
어머님 카스테라 누릉지빵 가족모두 빵데이요🤣",소금빵먹어요👍👍
393,"오늘 회사에서 먹은 급식 메뉴!!
강된장비빔밥, 어묵탕, 함박스테이크, 감자조림 거기에 샐러드, 누룽지, 요구르트까지
배불리 먹고 오후 업무 시작!!
다들 파이팅하세여",오늘의 점심 메인은 강된장비빕밥입니다
394,"오늘점심은 아리새님과함께
감자탕을 맛있게 먹었습니다.
비가오나 눈이오나
바람이부나 어찌 어찌
둘이서는 이렇게 매일같이 만나는 인연인것인지ᆢ
연인도 아닌데 말이죠.
진한 국물맛에
뼈사이 살고기도 많이 붙어있어요.
역시
또 볶음밥은 뺄순 없겠죠?
재생
9
00:00
00:08

오늘 먹어본 감자탕
보글보글 잘 끊여서
배가 빵빵하도록 잘 먹었습니다.
아리새님 덕분에 오늘 잘먹고
즐거웠던 하루가 또 훌쩍 지나가네요.
편한밤 좋은밤 되세요.",오늘 먹어본 감자탕
395,"구워먹는순대와 닭가슴살 양파랑 볶았어요
맛나요👍👍",순대볶음입니다^^
396,"팔도비빔면이랑 열무김치랑 먹으니 맛있네요^^
살찌는 소리 들리시죠ㅋㅋ
후라이팬에 초벌구이하고 에어프라이기에 돌리니
바삭해지네요~",고기와 팔도비빔면
397,집김밥과 라면~💕,늦은 아점을 먹어요~^^
398,"목장예배드리고
권사님댁에서 점심식사를 했어요
가죽나물무침, 망촛대미나리나물? 이름도 생소한 나물들~ 건강식이에요~^^
고기가 없다고 하시는데ᆢ맛나네요~
집밥이 최고에요ㅎㅎ",건강밥상
399,"남의편이 된장과 어묵 넣은 수제비가 어디 있냐고 빡빡 우기네요ㅡㅡ
검색해보니 있네요~
맛만 좋구만ㅎㅎ아들들도 잘 먹고요
다음에는 들깨가루와 청양고추도 넣어봐야겠어요^^
고정관념이 저보다 심하네요
여자는 그러면 안된다는 말을 잘해요~
양성평등시대에ᆢ
서로 관점(생각)이 달라서 그러겠죠ㅎㅎ
아들들에게 너희들은 그러지마라~
밥 못 얻어먹는다고 했어요ㅋㅋ",어묵된장수제비
400,"이게 왠~~~ '떡'일까요^^
역시 오늘도 먹을 복이 터졌다니깐요^^
앗!!!
또 ""자랑질""한다고,,,,,,,,
잔소리를 하실 두분 얼굴이 생각납니다.^^","떡돌이 아리새는 맛있는 ""떡""을 먹습니다^^"
401,"오늘은 모처럼 처제네 가족들이 충주로 내려 와서 점심을 함께 먹습니다.^^
중화요리....옛날.....아주 옛날...졸업식이나 기념비적인 날에 짜장면 등의 중화요리를 먹었는데...오늘은..어린이날 기념으로다가..먹어 봅니다.(어린이는 없지만...)
맛나게 먹고 갈께요.^^",빠른..점심을 먹습니다.^^
402,"가마 작업이 다 되어 감에 따라 이제...늦게 나마 점심을 먹어 봅니다.^^
새우탕면의 향이 온 공방을 감싸고 돌아 분명..맛난 라면임에 틀림이 없는 듯 합니다.^^
맛나게 먹고 계속..불을 지켜 보겠습니다.~~",늦은 점심을 먹습니다.^^
403,"구운계란과 오이 마요네즈 소금 후추 잘섞어서
빵에 발랐어요ㅎㅎ
맛나네요👍👍",간단히 샌드위치먹어요
404,"오늘 점심은 대충 라면으로 떼우려는데
다들 뭐 드실건가요~~??",오늘 점심 뭐드시나요?
405,"오늘 점심은
푸짐하게 진수성찬 으로 점심을ᆢ
오늘도
맛있는 점심식사 많이 하셨나요?",진수성찬
406,"주말에 만두전골 먹었는데 맛있더라구요~
안림동 쪽에 있는 국수타령입니다~!
처음에 쌀국수 먹으러 갔다가 줄이 너무 길어서 안림도 갔는데
여기도 줄을 선더라는,,,,ㅎㅎㅎㅎㅎ
충주에서 식당 들어가려고 줄 서는게 아직도 적응안되는 토박이입니다..ㅎㅎㅎ",만두전골~~!!
407,"엄마가 이마트에서사온걸로~~
부대찌개밀키트,이마트양장피
밀키트인데 맛잇네요
최애 양장피~♡오랫만에 먹으니 꿀맛
겨자소스 다넣엇더니 코가 찌릿찌릿😵‍💫",이마트표
408,"오늘은
일하는곳 회원님댁에서
맛있는 점심을 먹고있습니다.
한가지만 주시지
이렇게 푸짐하게 점심을 주시네요.
요건
딱 ᆢ
쏘맥이랑 이면 더좋을듯요.
밥 비벼먹으니 둑음입니다.
와ㅡ우
술 생각나는 메뉴입니다.
점심식사 맛있게 드셨나요?",점심식사 하셨나요?
409,"천안에서 오신...지인분과 어죽으로 점심을 먹습니다.^^
맛나게 식사 하셔요.^^",어죽..먹습니다.^^
410,"오랜만에 불고기버거 맨들어 먹음요ㅋ
단짠단짠 넘 맛있네요👍
역시 애기들 베스트메뉴예요ㅋㅋ
이제 슬슬 아들램 하원하러 가야겠네요😆",불고기버거
411,"주문진에서
점심 은 장치찜으로
맛집으로
다녀간 흔적이 많은곳입니다.
모두 맛있는점심 드셨겠죠?
벌써
저녁시간이 다가오네요.",장치찜
412,이래서 살찌나봐요ㅋㅋ,3차 먹방ㅋㅋ
413,"오전에 아이들과 신나기 놀고...이제..점심을 먹습니다.^^
비빔밥...인듯 한데..저는 그냥..먹기로 하고..맛나게 먹습니다.^^
잘 먹고 오후에 만날 아이들과 또..놀아 보겠습니다.^^",점심을 먹습니다.^^
414,"오늘은
시원한 점심을 먹네요.
맛있는 점심 드셨나요?",시원한 점심
415,"만두집인데 김밥도넛도 맛있는집~
찐만두도 맛있고 비빔만두도 맛있어용~만둣국도 맛나고여~ 저진짜 사진 못찍내여 ㅎㅎ
맛점들하세요~~^^",오늘점심은 만두랑~
416,"따뜻한 날씨와 더불어..오늘은 충주의 멋진 3분과 함께 점심을 먹습니다.^^
메뉴는.. 어죽...^^
너무 오랜만에 먹는 어죽이어서...어죽에게 미안함이 가득했습니다.^^
맛나게 먹겠습니다.~~^^",맛있는 점심을 먹습니다.^^
417,"오늘은 친정 엄마랑 자주 왔던
""옹골찬옹심이칼국수""에 왔어요!
기본 반찬으로 무생채와 열무가 나와요!
둘 다 맛있어서 먹다보면 꼭 리필을 하게 돼요ㅎㅎ
주문한 옹심이메밀칼국수!!
뜨끈하니 구수하고 좋네요😍
모두 맛점 하세요🩷",오늘 점심은 옹심이칼국수🩷
418,^^,오늘 점심은 김밥으로.. 맛점하세요
419,"마카로니샐러드와 콘샐러드입니다
고소하니 식감좋고 맛나요ㅎㅎ
맛점하세요😁",아점으로 간단하게 먹어요👍
420,,오늘 점심은 곰탕이에요~~
421,ㅎㅎ 식사들 하셧죠? 좋은 오후 되세요!,오늘 점심 뒤늦게 비빔면으로 때우네요
422,비도 오고 그래서 파전 해봤어요 요즘 쪽파가 왤케 좋은지..,파전~
423,"오늘 산척갔다가
아리새님 제천에 있다고해서
뽀로록 달려가서
맛있는 점심만 얻어먹고 왔네요.
무슨 인연이 있기에
매일 보는것 같은건 뭘까요?
메밀칼국수
후루룩~~후루룩~~~
감자 옹심이는 역시 쫀득하고 맛있네요.
하는일없이 맛있는점심 먹고왔는데
어느새 하루가 훌쩍 지나가다니ᆢ
아리새님
오늘 영양식 보충 잘했습니다.
저녁 맛있게 드세요.",오늘 점심은 아리새님 과 함께
424,"교회에서 중앙탑공원으로 나들이 나왔어요^^
여럿이 먹으니 더 맛나네요~
어제보다 날씨가 좋네요",김밥 먹어요~^^
425,쫄면 맛나게 하는집. 알려주세요^^,쫄면
426,"점심 뭐먹을까 하다가
어제 올라왔던 산꼴 선지해장국집이 생각났어요!
처음 왔는데 생각보다 찾기 쉬웠어요^^
첫번째로 나온 음식!
수제 돼지껍데기편육이에요ㅎㅎ
직접 만드신다고 해요~
쫄깃하고 맛있어요👍
두번째로 나온 음식!
옛날 육개장이에요ㅎㅎ
한입 먹어봤는데 당면도 들어있고 맛있더라구요!
다음에는 저도 육개장 먹어보려구요~
세번째로 나온 음식!
냉면이에요ㅎㅎ
살얼음 많은거 좋아하는데 딱이였어요👍
가격이 저렴해서 양이 적지않을까 싶었는데
오히려 냉면전문점보다 많은 느낌이였어요!ㅎㅎ
저렴한 가격에 맛있는 음식을 먹을 수 있어서 좋았어요!
사장님도 친절하셔서 편하게 먹고 갑니다^^
참 배달과 포장은 하지 않는다고 해요!
용기 가져오시면 포장은 해주신다고 하네요^^
혹시 포장하실 분들은 참고하세요~",오늘 점심은 산꼴 선지해장국 왔어요🩷
427,"재생
4
00:00
00:02

방가삼대 얼큰한해장국 (1)
오랜만에 뼈해장국 먹었는데 양도 많고 맛있네요^^",방가삼대 얼큰한해장국
428,"오전 수업을 즐겁게 하고...정리 및 청소를 마무리 하고..이제..점심..비스무리한 것을 먹습니다.^^
비록..정...하나와 생수 반병이지만 맛나게 먹습니다.^^
오후 수업 준비로 인해..맛난 점심을 먹지 못했지만 정..하나로도 충분히 감사한 마음으로 먹어 봅니다.^^
오후 시간에는 어떤 아이들을 만나게 될지 기대를 하면서~~^^
남은 오후도 힘내시구요.~~",맛있게 먹습니다.^^
429,"비가 와서 칼국수 생각이 났어요!
카페에서 본 대전 얼큰한 칼국수가 생각나서 다녀왔습니다^^
처음 먹었는데 맛있어서 한그릇 뚝딱하고 왔네요ㅎㅎ
비오는 날 다시 생각날 것 같아요~
집가는 길에 도넛&휘낭시에 맛집 버터빈에 들렸어요ㅎㅎ
배불리 먹어도 후식이 빠질 수 없으니까요!!
커피와 같이 먹으니 기분 좋아지네요~~~♡
회원님들도 맛점하세요!🩷",비오는 날에 칼국수와 도넛🍩🩷
430,"오랜만에
갈비탕 먹어봅니다.
점심 맛있게 드세요.",점심 뭐 드시나요?
431,"다들맛점하셨나요.
오랜만에즉떡먹으러왔어용.
여기는할머니가되도
쭈욱~~~~있었으면좋겠어요.ㅎㅎ",간만에침이줄줄나네요.ㅎㅎ
432,비오길래 간단히 도토리전 점심겸 간식으로 먹어용 ㅋㅋㅋㅋㅋㅋ,간단히 도토리전 ㅋㅋ
433,"낙지가 매워서인지 청양고추만두가 안 매워요^^ 느끼해서 청양고추도 먹었네요ㅎㅎ
제사를 안 지내서 모르겠는데 요즈음 제사트렌드인가요? 드라마 패밀리에서 제사상에
마카롱이 올라가네요ㅎㅎ(생전에 고인이 좋아하는 것 올려서 그러겠네요^^)
영정사진도 화면에 띄우고요",청양고추만두 안 맵네요ㅜ
434,두부전골 한톨도 안남기고 싹싹 긁어먹고 왔어요ㅎㅎ 참 맛있어요^^,두부전골
435,"다이어트하느라ㅠㅠ 일반식은 못 먹고
계란이랑 두유랑 닭가슴 살 먹었어요
근데 그래도 맛있다는 게 함정!",전 다이어트 중이에용
436,"오늘은 멋진 창원 동생분과 점심을 먹습니다.^^
동진갈비에서..맛난..불백을~~ㅎㅎㅎ
맛나게 먹고 갈께요.^^",오늘은 멋진 분과..점심을~~^^
437,"오늘 같은 날씨에 매운탕 딱인 것 같아요!!
광어회 완전 쫀득쫀득 맛 좋네요
마무리로 얼큰한 매운탕 먹어주니 완전 시원해요 ㅎㅎ
내일 또 아이 등교 시키려면 부지런 떨떨어야겠네요
아침엔 쌀쌀하고 점심땐 더워서 어떤 겉옷을 입혀야할지 고민이네요 ㅠㅋㅋ",회와 매운탕 오늘같은 날에 딱!!😁
438,"휴일 점심은
스테이크 면볶이 ㅋ
요것이 무어냐고ᆢ
두룹.옥수수면
부추
갈비
백봉이알
U볶이
C볶이
달고 맵고
단맛은 고구마를 으깨서ᆢ
휴일 점심은 무얼 드셨나요?",휴일 점심 메뉴는
439,"아침엔 게살볶음밥~~🥄🥄
점심엔 김치볶음밥에 치즈~🥄🥄
오늘은 왠지~~ 저녁에도 볶음밥이 ㄷㄷㄷ~~😱😱
볶음밥day가 될거 같아요ㅎ
맛점하세요~~😁😄😃",볶음밥day🍳
440,"더덕잎으로도 부침개를 만들어 먹네요~~~^^
더덕잎 아래는 쑥으로 만든 부침개 입니다.^^",더덕잎 찌~짐^^
441,"밥대신 먹어도 맛있네요
닭강정을 안 좋아해서 소금빵 데워주셔서 스프랑 먹으니 맛있네요^^
보노스프 첨 먹는데 레스토랑에서 먹는 것처럼 맛있네요",소금빵과 보노스프
442,"비엔나 소시지 잔뜩 넣고
토마토 스파게티를 만들어 먹었어요!",토마토 스파게티 만들었어요
443,"오늘은 친정오빠 찬스로
청주에 입이 즐거운 그만두 먹어봤어요😋
미친만두로 유명하죠🥟🥟
저는 모듬만두,매운만두,미친만두 이렇게 샀어요
만두가 크고~전체적으로 다 맛있어요🤤
매장이 깔끔해요😊
미친만두🥟
색깔이 아주~~~🌶🌶
먹을때는..어??적당히 맵네?하면서 먹었는데
뒷끝이 심하네요😱",[청주맛집]미친만두🥟🌶🌶🌶
444,"짜장면 포기하고
빨간 쫄면으로~~
맛저하세요😊",블랙데이 말고 레드데이
445,"산막이옛길 제7경 신랑바위
대운선박 대운2호
산막이옛길 제5경 연하협구름다리
산막이옛길 제6경 각시와 신랑길","""오가네김밥마을(문화동)"""
446,"다이어트하려고 1일1식 하려는데 넘 배고파요🤣
버거하나로 안되서 만두찌는중요ㅋㅋㅋ",배고파서 안되겠어요ㅋㅋ
447,"순대전골 먹어요
맛점하세요😊",쐬주를 부르네요🍶
448,■ 두릅,보리국수 & 두릅
449,"안녕하세요~얼마 전에 카페매니저님께서 타 지역 맛집도 올려달라는 글을 보고 청주 맛집이 생각나서 올립니다~
나는솔로를 즐겨 보시는 분들이 많으실 텐데 얼마 전에 끝난 나는솔로 13기가 청주에서 찍은 거라 그 중 한 군데를 다녀와봤습니다!
율량동쪽에 있어서 충주에서도 그나마 가깝습니다~
식당이 배 모양으로 되어 있는데 너무 커서 한 컷에 다 안 담기네요^^;;
1층 내부사진입니다~2층은 결혼식 피로연 진행중이어서 못 올라가봤어요~
이 곳은 에피타이저로 오늘의 스프와 어반샐러드가 기본으로 나오는 점 참고하셔서 주문하시면 될듯합니다~
에피타이저로 나온 오늘의 스프와 샐러드, 그리고 쉬림프로제파스타와 살치살스테이크, 후식으로 나온 과일입니다!
오늘의 스프는 자주 먹던 크림스프맛이었는데 샐러드가 굉장히 싱싱하고 맛있어요~
쉬림프로제파스타와 살치살스테이크도 평타 이상이라 연인 및 가족끼리 방문하시기 좋은 곳입니다~
기타 내용은 밑에 첨부한 블로그에 자세하게 나와 있습니다~!
https://blog.naver.com/ggobugimama/223069677470
<청주> 어반 크루즈(URBAN CRUISE)
첫 식당 포스팅은 바로 어반크루즈입니다! 한창 핫한 나는 솔로 13기에 나왔던 바로 그 배 모양의 레스토랑...
blog.naver.com",(청주 맛집) 나는솔로 13기에 나왔던 어반 크루즈
450,"학교에서 띠리링~~ 연락받고
딸램 손가락다쳐서 병원 다녀왔어요😭
다행히 보호대만 하면 된다고...
한시름놓고 행복김밥 가서 떡볶이와 김밥 냠냠😋😋
맛있게 먹고 왔어요~~
🚌덕분에 버스도 타보고ㅋㅋㅋ
오늘 시간이 잘도 가네요~~🖐🖐
떡꼬치가 맛있다고 봤는데🤭🤭
다음에 사먹어봐야겠어요ㅋㅋ",행복김밥🍙
451,"밀키트가 편하긴하죠
근데 저는 밀키트는 안사먹거든요
두개가 생겨서 점심으로먹엇어요
요렇게 한세트에
칼국수2봉,야채,계란,소스,김가루
보글보글🥘
맛은잇네요👍🏻👍🏻
엄마표 묵은지😆👏🏻
밥까지 말아먹....",피코크 장칼국수 밀키트
452,"회원님들 맛있는 점심식사 드세요~~~
8천원 백반으로는 훌륭하지요^^
재생
10
00:00
00:06

오늘 점심은 청국장에 비벼~비벼~~^^",오늘 점심은 청국장에 비벼~비벼~~^^
453,"오징어볶음 도시락 포장해왔는데 맛있네요
배민도 되니깐 배달해보세요
시니어클럽에서 하신대요~
가격이 저렴한 편은 아니지만 어르신 일자리창출 아이디어 좋은 것 같아요~^^
점심만 하시는것 같아요
반찬도 판매하네요",노랑도시락 먹어요^^
454,"두부조림~~~
두부요리는 벽난로님 엄청 좋아하시는데 말입니다.
생각이 나네요^^ 생각만~~~
재생
4
00:00
00:09

맛점 하십시요~~~
보글보글~~~
뚝배기불고기^^",맛점 하십시요~~~
455,"장날 필수코스ㅋ
휴게소우동 찹쌀호떡(치즈)
귀여움 한도초과🥰🥰",우동한그릇!
456,"어제..막국수를 먹었는데.... 오늘도 맛난 막국수를 먹습니다.^^
그 맛을 잊을 수 없어 또..와서 먹습니다.~~
맛나게 먹고 가겠숩니다.^^",오늘도..막국수를~~^^
457,"어제 오늘 닭가슴살로 끼니 떼우다가ㅋ 
갑자기 너무 허기 지고 인생 뭐 있나.. 뱃살 있는 인생이 맛있는 음식 못먹는 인생보다 낫지 않나.. 이런 생각이 들면서.. 폭팔해서 피자 치킨 다 시키려고 폼 잡으니.. 
남편이 횟집으로 인도해줬어요ㅋ 멍 ~하니 쳐다보더라구요ㅋㅋㅋㅋㅋ 
광어회 비쥬얼 넘나 곱죠😍😍😍 너무 맛있ㅠㅠㅠㅠ 
매운탕도 땡겼는데.. 입 터질 같아서ㅋ 광어에 만족하고 왔습니다 
이성을 되찾았으니 다시 다이어트 해볼게요ㅋ ",다이어트 쉽지 않네요😖😖😖
458,"오늘은 안림동에 위치한 충주 산성막국수집으로 점심을 먹으러 왔습니다.^^
여긴...비빔막국수에 육수를 부어 먹는 법법인데..저의 입맛에는 제일 좋은 듯 합니다.^^
맛있게 먹고 갈께요.~~
아리새님...꼭..함께 와 보아요.^^",충주 산성막국수를 먹습니다.^^
459,뭐 먹을까 고민하다 귀차나서 냉동실에 있던 볶음밥 볶아먹었어요 간편하고 맛있네요 제 입맛에는 조금 짭쪼로하구요,볶음밥
460,"충주시닷컴에는 제가 강조드리지 않아도
충주 맛집 정보가 꾸준히 업데이트 되고 있습니다
이제 충주를 중심으로 주변 맛집 정보도 궁금할때가 되었습니다
청주 맛집
원주 맛집
제천 맛집
문경, 괴산 맛집...
특별한 맛집 정보를 기다립니다^^
자유롭게 카페에 올려주시기 바랍니다
지역별 맛집정보가 많아지면 지역 맛집 게시판도 추가 개설하도록 하겠습니다
충주시닷컴","청주,원주,제천,음성,괴산,문경 맛집 올려주세요!"
461,"늦은 점심을 먹습니다.^
오늘은 린이님표 짜파게티 흉내입니다^^
100여일만에 다시 먹어보는
짜파게티 입니다.
다이어트 중간에 벽난로님과 짜장면 먹은건 안비밀~~~",린이님~~~ 보시옵소서
462,"충주의 지인들과 함께 막국수로 점심을 먹습니다.^^
물막국수....
단골 막국수집이 있는데...오늘은 얻어 먹는 입장이라...즐겁게 먹습니다.^^
잘 먹고 가겠습니다.^^",점심을 먹습니다.^^
463,"다이어트용으로 채소+케요네즈만 넣어먹어요ㅋ
맛있어서 5개먹은건 비밀이요🤣🤣",사라다빵이요ㅋㅋ
464,"오늘은 창원 동생과 공방 근처에 있는 소탱이어죽집에 점심을 먹으러 왔습니다.^^
오랜만에 먹는..어죽...
맛나게 먹고 갈께요.^^",어죽을 먹습니다.^^
465,,삼선덮밥!!
466,"오랜만에
부대찌개를 먹어봅니다.
모두 맛있는 점심 드세요.",점심 맛있게 드세요.
467,"조금 늦은 점심은
남애항에서 물회로 ᆢ
하트는 사랑 입니다.
뱃속 까지 시원 ᆢ
맛있는 점식식사 드셨나요?",늦은 점심 물회로ᆢ
468,"인터넷으로 구매한순대 전자렌지 돌려먹음요ㅋ
단양마늘순대맛도 나고 깔끔한게
완전 제스타일!!
더사야겠어요🤣",순대 데파먹어요ㅋㅋ
469,오랜만에 조식^^♡ 배불렀는데 와플에 생크림은 참을수가..,조식
470,"일단 밥부터먹고ㅋㅋ
엄청더워요ㅠ
반팔입고올걸 후회중입니다",왓으니 밥부터먹어야죠🥰
471,"오늘 메뉴는 냉면이에요
매콤하고 시원하네요
모두 맛점하세요~^^",냉면🎵🎶냉면~ 냉면
472,"오늘점심
국수랑 김밥이랑
참 맛있네요.
김밥이
아주 탱탱합니다.
역시 김밥은 꽁지
김밥이 아주 튼튼하고
맛있네요.
점심식사 맛있게 드셨나요?",국수랑 김밥이랑
473,"오늘도 지인집에서 국수먹었어요
오랜만에 국수 먹으니 맛있네요~^^
모두 맛점하세요",국수 먹어요
474,"오늘도
또 다른 기사님 식당으로ᆢ
재생
6
00:00
01:47

점심 식사 하러갑시다..
벗꽃이 몽글몽글
맛있는 점심식사 하셨나요?",점심 식사 하러갑시다..
475,오늘은간단하게 라면먹을까 해요 ㄱ,오늘점심은라면
476,골든블루 돈까스 먹었어요 치즈가 주~~~~~아~~~악 늘어나니 맛있네요,골든블루돈까스
477,"김치왕뚜껑에 숙주,파 토핑추가함요🤣
점심 든든히들 드셨나요?ㅎㅎ",한가한시간에 간단히 점심먹어요
478,"오늘 점심은
무얼 드셨나요?
저는 텃밭 정리하면서
숮불에 삼겹살 구워먹었네요.
투투는
한쪽에서 감독중
두툼한 목삼겹
왕소금 뿌려서
노릿노릿 하게
지글지글
재생
12
00:00
00:19

오늘 점심 뭐 드셨나요?
뱅글뱅글
타지않게 돌려가면서 ᆢ
힘들게 일한뒤
노릿한 삼겹이 딱이네요.
더 맛있는 점심식사
많이 하셨겠지요?",오늘 점심 뭐 드셨나요?
479,"쭈꾸미로 한끼 먹습니다
애들은 계란과 김
계란이 왜저리됐지요?ㅋㅋㅋㅋㅋ
맛점하세요 ^^",점심은 쭈꾸미..
480,"오늘 점심 픽은 자금성 포장
쟁반짜장&탕수육
쟁반짜장
해물도 많이들고 양도 꾀 많아요
고추기름이 들어가서 살짝매콤해서 쉽게질리지 않더라구여
탕수육
옛날 탕수육 느낌인데 그냥먹어도 고소해요~
옛날탕슉은 여기가 젤맛잇는거같아요
군만두 써비쓰~~♡
군만두 짜장에찍어서-♡
부먹파?찍먹파?
저는 둘닼ㅋㅋㅋㅋ
근데 자금성은 부먹해서 먹어야더맛잇어요",충주 자금성🍜🥟
481,쌀국수만 먹다가 같은 브랜드에서 나온 파곰탕면도 있길래 도전! 사리곰탕 맛이랑 비스읏하네여ㅎㅎ 맛있어요,파곰탕면
482,"이틀 연속 홍천식당이네요~
카페 회원님 글 보고 어제 막국수 먹으러 갔다가 칼국수도 맛나 보이길래
오늘은 칼국수 먹고 왔네요~
자주가던 막국수집 보다 맛나더라구요^^;;
단골 될 듯 ㅎㅎ",홍천식당
483,"저흰 면요리를 아침에 즐겨먹어요.
진라면 매운맛이 베이스인데 오랫만에 너구리를 사서 끓여줬더니 이후로 신랑이 직접 너구리 사다 쟁여가며 끓여달라고;;;
이왕 먹는거 다양하게 먹으라고 미역너구리
해물짱뽕너구리
계란 두개먹겠다고 요청받은 더블계란 너구리
사진엔 안보이지만 숙주너구리 등등
다양한 버전으로 끓여내고 있네요.
전 너구리에 계란은 아니다!! 파여서 신랑이 잘도 계란이랑 같이먹네 싶지만 취존해야죠^^
신랑은 힘들테지만
지금 오는건 봄소식 알리는 봄비다 싶어 반갑기도 하네요.
다들 든든한 식사 챙기시고 오늘 하루도 화이팅 입니다!!",너구리 라면 좋아하세요?
484,"오늘은 지인들과 공방 근처의 식당에서 점심을 먹습니다.^^
자주 와서 먹는 식당이지만..여전히 맛있는 반찬과 더불어 맛있습니다.^^
오늘도 맛있게 먹고 가겠습니다.^^",점심을 먹습니다.^^
485,"제가 한거 아니고 초대 받았어요^^
점심 맛있게 드세요~",가정 한정식
486,"ㅎㅎ저는 아침에 일어나자마자 짜파게티에 파김치 먹고..
또 부추전을 흡입했네요!! 저녁은 뭘 먹을지 너무 고민이에요ㅠㅠ
오늘 저녁 메뉴는 무엇을 드시나요~~~??",다들 점심 맛있는거 드셨나용??
487,"치킨패티가 넘 맛깔나게 튀겨져서 제가먼저
슥~ 했어요🤣
칠리치킹버거 채소뺀 버전입니다ㅎㅎ",월욜부터 버거흡입요🤣
488,"있는거 대충 밥할동안
만들었어요^^
맛점하세요~~",점심은 집밥
489,"오늘 점심에 먹은 누룽지백숙
지금껏 먹은 누룽지백숙 중에 가장 고소하고 맛있었네요 모조리 다 먹고 왔습니닿ㅎ",누룽지백숙
490,"만들어서 먹어요^^
요래 먹어야 더 맛나요~~",점심 간파게티
491,오늘도 콜라를 ㅋㅋㅋㅋ,갈증나서
492,점심엔 김치찌개 끓여서 밥먹어요ㅎ,김치찌개~
493,점심은 묵밥 먹어요 ㅋㅋㅋ,묵밥 ㅎㅎ
494,"오늘은 멋진 분과 함께 불백으로 점심을 먹습니다.^^
오랜만에 먹는 불백...
맛있게 먹고 가겠습니다.^^",점심을 먹습니다.^^
495,늦은 아점먹어요 ㅎ,늦은 아점
496,"케익이 남았기에 남는케익 보관법
케익이 남았죠 칼날로 담기힘드시죠?
뚜껑으로 남는케익 위에올려 덮으세요
뒤집어서 뚜껑에 거꾸로담기
그럼 이렇게되요
통을 거꾸로 뚜껑쬐으로 덥어요
그리고 바로새우면 흘리지도 않고 담을수있어요
먹을땐 역순 거꾸로해서
아래쪽통은 치우고 먹을접시올려서
뒤집으면 요래됩니다 맛있게 먹기^^",(꿀팁) 남는케익크 어떻게하시죠?
497,"매콤
딱 보심 ᆢ
누구와 어디서?
뱃속까지 매콤한듯ᆢ
점심식사 맛있게 드셨나요?",오늘 점심은 매콤하게
498,"공복에 운동하고
열심히 걸었으니
든든하게 배 채워요 ㅎㅎㅎ",아점먹어요~
499,비오는 날은 고시촌 잔치국수(6500원),비올때는 잔치국수
